Pair,REGULATOR,TARGET
CHD4_BAZ2A,CHD4,BAZ2A
CHD4_DDB1,CHD4,DDB1
CHD4_DFFA,CHD4,DFFA
CHD4_EPB41,CHD4,EPB41
CHD4_EZH2,CHD4,EZH2
CHD4_HNRNPF,CHD4,HNRNPF
CHD4_LMBR1L,CHD4,LMBR1L
CHD4_NPAS1,CHD4,NPAS1
CHD4_NPTXR,CHD4,NPTXR
CHD4_PRKAG1,CHD4,PRKAG1
CHD4_RAPGEF6,CHD4,RAPGEF6
CHD4_RHBDF2,CHD4,RHBDF2
CHD4_STX4,CHD4,STX4
CHD4_TFRC,CHD4,TFRC
CHD4_TK1,CHD4,TK1
CHD4_TMEM214,CHD4,TMEM214
CNOT3_CTPS1,CNOT3,CTPS1
CNOT3_DNAJC8,CNOT3,DNAJC8
CNOT3_HIST1H2BB,CNOT3,HIST1H2BB
CNOT3_HIST1H2BF,CNOT3,HIST1H2BF
CNOT3_HIST1H3F,CNOT3,HIST1H3F
CNOT3_MTDH,CNOT3,MTDH
CNOT3_MYO5A,CNOT3,MYO5A
CNOT3_NCL,CNOT3,NCL
CNOT3_NCOR1,CNOT3,NCOR1
CNOT3_NPTXR,CNOT3,NPTXR
CNOT3_NUP98,CNOT3,NUP98
CNOT3_RER1,CNOT3,RER1
CNOT3_RNF44,CNOT3,RNF44
CNOT3_SDK2,CNOT3,SDK2
CNOT3_SRRM1,CNOT3,SRRM1
CNOT3_SRRM2,CNOT3,SRRM2
CNOT3_SURF2,CNOT3,SURF2
CNOT3_TP53,CNOT3,TP53
CNOT3_YY1,CNOT3,YY1
CNOT3_ZBTB22,CNOT3,ZBTB22
CNOT3_ZNF35,CNOT3,ZNF35
DCP1A_SRRM2,DCP1A,SRRM2
ESR1_BBC3,ESR1,BBC3
ESR1_BMP7,ESR1,BMP7
ESR1_BTG2,ESR1,BTG2
ESR1_C5AR2,ESR1,C5AR2
ESR1_CELF2,ESR1,CELF2
ESR1_CRMP1,ESR1,CRMP1
ESR1_DCT,ESR1,DCT
ESR1_DHX8,ESR1,DHX8
ESR1_E2F3,ESR1,E2F3
ESR1_EMC8,ESR1,EMC8
ESR1_EPB41,ESR1,EPB41
ESR1_EZH2,ESR1,EZH2
ESR1_GNAI2,ESR1,GNAI2
ESR1_HDAC8,ESR1,HDAC8
ESR1_HNRNPF,ESR1,HNRNPF
ESR1_ID3,ESR1,ID3
ESR1_IRS2,ESR1,IRS2
ESR1_ITIH1,ESR1,ITIH1
ESR1_KLHL26,ESR1,KLHL26
ESR1_NCL,ESR1,NCL
ESR1_NUP98,ESR1,NUP98
ESR1_PA2G4,ESR1,PA2G4
ESR1_PCSK6,ESR1,PCSK6
ESR1_PPP2R1A,ESR1,PPP2R1A
ESR1_PTPN9,ESR1,PTPN9
ESR1_PTPRJ,ESR1,PTPRJ
ESR1_QSOX2,ESR1,QSOX2
ESR1_RHOB,ESR1,RHOB
ESR1_SDK2,ESR1,SDK2
ESR1_SFMBT1,ESR1,SFMBT1
ESR1_SFTPB,ESR1,SFTPB
ESR1_SLC2A3,ESR1,SLC2A3
ESR1_SLC35F6,ESR1,SLC35F6
ESR1_SMC4,ESR1,SMC4
ESR1_SORBS2,ESR1,SORBS2
ESR1_STMN1,ESR1,STMN1
ESR1_STX4,ESR1,STX4
ESR1_SURF2,ESR1,SURF2
ESR1_TFRC,ESR1,TFRC
ESR1_TIAL1,ESR1,TIAL1
ESR1_TK1,ESR1,TK1
ESR1_TMEM115,ESR1,TMEM115
ESR1_TMEM138,ESR1,TMEM138
ESR1_TP53,ESR1,TP53
ESR1_UBQLN4,ESR1,UBQLN4
ESR1_ZCCHC8,ESR1,ZCCHC8
EZH2_ABCD2,EZH2,ABCD2
EZH2_ABI2,EZH2,ABI2
EZH2_ADH5,EZH2,ADH5
EZH2_AFF4,EZH2,AFF4
EZH2_AGFG1,EZH2,AGFG1
EZH2_AIPL1,EZH2,AIPL1
EZH2_ALDH6A1,EZH2,ALDH6A1
EZH2_AMPD2,EZH2,AMPD2
EZH2_AP2B1,EZH2,AP2B1
EZH2_ARHGEF11,EZH2,ARHGEF11
EZH2_ARMC1,EZH2,ARMC1
EZH2_ASNS,EZH2,ASNS
EZH2_ASXL2,EZH2,ASXL2
EZH2_ATAD2,EZH2,ATAD2
EZH2_ATXN7,EZH2,ATXN7
EZH2_AURKA,EZH2,AURKA
EZH2_BAP1,EZH2,BAP1
EZH2_BAZ2A,EZH2,BAZ2A
EZH2_BBC3,EZH2,BBC3
EZH2_BCL10,EZH2,BCL10
EZH2_BLOC1S1,EZH2,BLOC1S1
EZH2_BRD4,EZH2,BRD4
EZH2_BTG2,EZH2,BTG2
EZH2_BUB1,EZH2,BUB1
EZH2_CALR,EZH2,CALR
EZH2_CAMSAP1,EZH2,CAMSAP1
EZH2_CAP1,EZH2,CAP1
EZH2_CAPZB,EZH2,CAPZB
EZH2_CDC37,EZH2,CDC37
EZH2_CDK13,EZH2,CDK13
EZH2_CELF2,EZH2,CELF2
EZH2_CENPA,EZH2,CENPA
EZH2_CHD4,EZH2,CHD4
EZH2_CLPP,EZH2,CLPP
EZH2_CLPX,EZH2,CLPX
EZH2_CNOT1,EZH2,CNOT1
EZH2_CNR2,EZH2,CNR2
EZH2_COL1A1,EZH2,COL1A1
EZH2_CTDNEP1,EZH2,CTDNEP1
EZH2_CTNNA2,EZH2,CTNNA2
EZH2_CTPS1,EZH2,CTPS1
EZH2_CUL3,EZH2,CUL3
EZH2_DAB1,EZH2,DAB1
EZH2_DAZAP1,EZH2,DAZAP1
EZH2_DDX19B,EZH2,DDX19B
EZH2_DFFA,EZH2,DFFA
EZH2_DLGAP5,EZH2,DLGAP5
EZH2_DPH5,EZH2,DPH5
EZH2_EFNB1,EZH2,EFNB1
EZH2_EIF4A2,EZH2,EIF4A2
EZH2_ENG,EZH2,ENG
EZH2_EPB41,EZH2,EPB41
EZH2_ESR1,EZH2,ESR1
EZH2_EZH2,EZH2,EZH2
EZH2_FAM53C,EZH2,FAM53C
EZH2_FBXL7,EZH2,FBXL7
EZH2_FEM1B,EZH2,FEM1B
EZH2_GATAD2A,EZH2,GATAD2A
EZH2_GCK,EZH2,GCK
EZH2_GNAI2,EZH2,GNAI2
EZH2_GPATCH4,EZH2,GPATCH4
EZH2_GTPBP1,EZH2,GTPBP1
EZH2_GUCA1B,EZH2,GUCA1B
EZH2_GYS1,EZH2,GYS1
EZH2_HCFC1,EZH2,HCFC1
EZH2_HDAC5,EZH2,HDAC5
EZH2_HIST1H2BB,EZH2,HIST1H2BB
EZH2_HIST1H2BF,EZH2,HIST1H2BF
EZH2_HIST1H3F,EZH2,HIST1H3F
EZH2_HJURP,EZH2,HJURP
EZH2_HNRNPF,EZH2,HNRNPF
EZH2_HNRNPR,EZH2,HNRNPR
EZH2_IRS2,EZH2,IRS2
EZH2_ITFG2,EZH2,ITFG2
EZH2_ITGB3,EZH2,ITGB3
EZH2_ITIH1,EZH2,ITIH1
EZH2_KCNN1,EZH2,KCNN1
EZH2_KDM4A,EZH2,KDM4A
EZH2_KDM5A,EZH2,KDM5A
EZH2_KIF3B,EZH2,KIF3B
EZH2_KLHL26,EZH2,KLHL26
EZH2_LAMTOR5,EZH2,LAMTOR5
EZH2_LPAR2,EZH2,LPAR2
EZH2_MAP1S,EZH2,MAP1S
EZH2_MAP7D1,EZH2,MAP7D1
EZH2_MATR3,EZH2,MATR3
EZH2_MED16,EZH2,MED16
EZH2_MET,EZH2,MET
EZH2_MKS1,EZH2,MKS1
EZH2_MLLT10,EZH2,MLLT10
EZH2_MMP9,EZH2,MMP9
EZH2_MORF4L1,EZH2,MORF4L1
EZH2_MTCH1,EZH2,MTCH1
EZH2_MTDH,EZH2,MTDH
EZH2_MTMR2,EZH2,MTMR2
EZH2_MTMR4,EZH2,MTMR4
EZH2_MYO1A,EZH2,MYO1A
EZH2_MYO5A,EZH2,MYO5A
EZH2_MYRF,EZH2,MYRF
EZH2_NAGK,EZH2,NAGK
EZH2_NCL,EZH2,NCL
EZH2_NCOA6,EZH2,NCOA6
EZH2_NCOR1,EZH2,NCOR1
EZH2_NEU3,EZH2,NEU3
EZH2_NFATC4,EZH2,NFATC4
EZH2_NONO,EZH2,NONO
EZH2_NPTXR,EZH2,NPTXR
EZH2_NUMBL,EZH2,NUMBL
EZH2_NUP98,EZH2,NUP98
EZH2_OMD,EZH2,OMD
EZH2_PA2G4,EZH2,PA2G4
EZH2_PAK4,EZH2,PAK4
EZH2_PAPLN,EZH2,PAPLN
EZH2_PCBP1,EZH2,PCBP1
EZH2_PCSK6,EZH2,PCSK6
EZH2_PEX14,EZH2,PEX14
EZH2_PFKP,EZH2,PFKP
EZH2_PHF21A,EZH2,PHF21A
EZH2_PPAN-P2RY11,EZH2,PPAN-P2RY11
EZH2_PPP2R1A,EZH2,PPP2R1A
EZH2_PPP6R3,EZH2,PPP6R3
EZH2_PRC1,EZH2,PRC1
EZH2_PRR5-ARHGAP8,EZH2,PRR5-ARHGAP8
EZH2_PSMD1,EZH2,PSMD1
EZH2_PTCD3,EZH2,PTCD3
EZH2_PTPN9,EZH2,PTPN9
EZH2_QDPR,EZH2,QDPR
EZH2_QSER1,EZH2,QSER1
EZH2_QSOX2,EZH2,QSOX2
EZH2_RAB10,EZH2,RAB10
EZH2_RAD21,EZH2,RAD21
EZH2_RAPGEF6,EZH2,RAPGEF6
EZH2_RBCK1,EZH2,RBCK1
EZH2_REPS2,EZH2,REPS2
EZH2_RER1,EZH2,RER1
EZH2_RHBDF2,EZH2,RHBDF2
EZH2_RNF111,EZH2,RNF111
EZH2_RNF4,EZH2,RNF4
EZH2_RNF44,EZH2,RNF44
EZH2_RNH1,EZH2,RNH1
EZH2_RORB,EZH2,RORB
EZH2_RRM2,EZH2,RRM2
EZH2_SEMA4F,EZH2,SEMA4F
EZH2_SFMBT1,EZH2,SFMBT1
EZH2_SFPQ,EZH2,SFPQ
EZH2_SGTA,EZH2,SGTA
EZH2_SHOC2,EZH2,SHOC2
EZH2_SIX4,EZH2,SIX4
EZH2_SLC25A11,EZH2,SLC25A11
EZH2_SLC26A2,EZH2,SLC26A2
EZH2_SLC28A1,EZH2,SLC28A1
EZH2_SLC35E3,EZH2,SLC35E3
EZH2_SLC35F6,EZH2,SLC35F6
EZH2_SLC7A1,EZH2,SLC7A1
EZH2_SMC4,EZH2,SMC4
EZH2_SMTN,EZH2,SMTN
EZH2_SNCB,EZH2,SNCB
EZH2_SND1,EZH2,SND1
EZH2_SNRPD1,EZH2,SNRPD1
EZH2_SON,EZH2,SON
EZH2_SORBS2,EZH2,SORBS2
EZH2_SP110,EZH2,SP110
EZH2_SPAG7,EZH2,SPAG7
EZH2_SRRM1,EZH2,SRRM1
EZH2_SRRM2,EZH2,SRRM2
EZH2_SSR2,EZH2,SSR2
EZH2_SSTR3,EZH2,SSTR3
EZH2_SSX2IP,EZH2,SSX2IP
EZH2_ST8SIA3,EZH2,ST8SIA3
EZH2_STK3,EZH2,STK3
EZH2_STMN1,EZH2,STMN1
EZH2_STX4,EZH2,STX4
EZH2_SURF2,EZH2,SURF2
EZH2_TACR2,EZH2,TACR2
EZH2_TBC1D19,EZH2,TBC1D19
EZH2_TBCB,EZH2,TBCB
EZH2_TECR,EZH2,TECR
EZH2_TFRC,EZH2,TFRC
EZH2_TIAL1,EZH2,TIAL1
EZH2_TM4SF5,EZH2,TM4SF5
EZH2_TMEM115,EZH2,TMEM115
EZH2_TMEM138,EZH2,TMEM138
EZH2_TMEM214,EZH2,TMEM214
EZH2_TMEM216,EZH2,TMEM216
EZH2_TMSB4X,EZH2,TMSB4X
EZH2_TNIP1,EZH2,TNIP1
EZH2_TP53,EZH2,TP53
EZH2_TPRA1,EZH2,TPRA1
EZH2_TRIP13,EZH2,TRIP13
EZH2_UNC45A,EZH2,UNC45A
EZH2_UTP15,EZH2,UTP15
EZH2_VAPB,EZH2,VAPB
EZH2_WDPCP,EZH2,WDPCP
EZH2_YTHDF2,EZH2,YTHDF2
EZH2_YY1,EZH2,YY1
EZH2_ZBTB33,EZH2,ZBTB33
EZH2_ZCCHC8,EZH2,ZCCHC8
EZH2_ZFY,EZH2,ZFY
EZH2_ZMYM4,EZH2,ZMYM4
EZH2_ZMYM6,EZH2,ZMYM6
EZH2_ZNF207,EZH2,ZNF207
EZH2_ZNF35,EZH2,ZNF35
EZH2_ZNF367,EZH2,ZNF367
EZH2_ZNF607,EZH2,ZNF607
GTF2B_AP2B1,GTF2B,AP2B1
GTF2B_BAP1,GTF2B,BAP1
GTF2B_BAZ2A,GTF2B,BAZ2A
GTF2B_BUB1,GTF2B,BUB1
GTF2B_CLPX,GTF2B,CLPX
GTF2B_CNOT1,GTF2B,CNOT1
GTF2B_DEPDC1,GTF2B,DEPDC1
GTF2B_EPB41,GTF2B,EPB41
GTF2B_FAM53C,GTF2B,FAM53C
GTF2B_HIST1H2BF,GTF2B,HIST1H2BF
GTF2B_MAP7D1,GTF2B,MAP7D1
GTF2B_MKS1,GTF2B,MKS1
GTF2B_MLLT10,GTF2B,MLLT10
GTF2B_NAGK,GTF2B,NAGK
GTF2B_NCOA6,GTF2B,NCOA6
GTF2B_NCOR1,GTF2B,NCOR1
GTF2B_NONO,GTF2B,NONO
GTF2B_NUP98,GTF2B,NUP98
GTF2B_PA2G4,GTF2B,PA2G4
GTF2B_PPP2R1A,GTF2B,PPP2R1A
GTF2B_QSER1,GTF2B,QSER1
GTF2B_RNF44,GTF2B,RNF44
GTF2B_SIX4,GTF2B,SIX4
GTF2B_SLC25A11,GTF2B,SLC25A11
GTF2B_SNRPD1,GTF2B,SNRPD1
GTF2B_SON,GTF2B,SON
GTF2B_SRRM1,GTF2B,SRRM1
GTF2B_TFRC,GTF2B,TFRC
GTF2B_TIAL1,GTF2B,TIAL1
GTF2B_VEGFA,GTF2B,VEGFA
GTF2B_WDR13,GTF2B,WDR13
GTF2B_YY1,GTF2B,YY1
GTF2B_ZBTB33,GTF2B,ZBTB33
GTF2B_ZCCHC8,GTF2B,ZCCHC8
GTF2B_ZNF207,GTF2B,ZNF207
HCFC1_ABI2,HCFC1,ABI2
HCFC1_AFF4,HCFC1,AFF4
HCFC1_AIPL1,HCFC1,AIPL1
HCFC1_AP2B1,HCFC1,AP2B1
HCFC1_ARHGEF11,HCFC1,ARHGEF11
HCFC1_ARMC1,HCFC1,ARMC1
HCFC1_ASNS,HCFC1,ASNS
HCFC1_ATXN7,HCFC1,ATXN7
HCFC1_AURKA,HCFC1,AURKA
HCFC1_BAP1,HCFC1,BAP1
HCFC1_BAZ2A,HCFC1,BAZ2A
HCFC1_BCL10,HCFC1,BCL10
HCFC1_BRD4,HCFC1,BRD4
HCFC1_BTG2,HCFC1,BTG2
HCFC1_BUB1,HCFC1,BUB1
HCFC1_CALR,HCFC1,CALR
HCFC1_CDC37,HCFC1,CDC37
HCFC1_CENPF,HCFC1,CENPF
HCFC1_CHD4,HCFC1,CHD4
HCFC1_CLPP,HCFC1,CLPP
HCFC1_CNOT1,HCFC1,CNOT1
HCFC1_COL1A1,HCFC1,COL1A1
HCFC1_CTPS1,HCFC1,CTPS1
HCFC1_DAB1,HCFC1,DAB1
HCFC1_DDB1,HCFC1,DDB1
HCFC1_EGLN1,HCFC1,EGLN1
HCFC1_EPB41,HCFC1,EPB41
HCFC1_EPB42,HCFC1,EPB42
HCFC1_GNAI2,HCFC1,GNAI2
HCFC1_HDAC5,HCFC1,HDAC5
HCFC1_HIST1H2BB,HCFC1,HIST1H2BB
HCFC1_HIST1H2BF,HCFC1,HIST1H2BF
HCFC1_HNRNPF,HCFC1,HNRNPF
HCFC1_KLHL26,HCFC1,KLHL26
HCFC1_MAP1S,HCFC1,MAP1S
HCFC1_MAP7D1,HCFC1,MAP7D1
HCFC1_MED16,HCFC1,MED16
HCFC1_MET,HCFC1,MET
HCFC1_MKS1,HCFC1,MKS1
HCFC1_MORF4L1,HCFC1,MORF4L1
HCFC1_MTMR2,HCFC1,MTMR2
HCFC1_MYO5A,HCFC1,MYO5A
HCFC1_MYRF,HCFC1,MYRF
HCFC1_NAGK,HCFC1,NAGK
HCFC1_NCL,HCFC1,NCL
HCFC1_NCOA6,HCFC1,NCOA6
HCFC1_NCOR1,HCFC1,NCOR1
HCFC1_NFATC4,HCFC1,NFATC4
HCFC1_NPTXR,HCFC1,NPTXR
HCFC1_NUP98,HCFC1,NUP98
HCFC1_PA2G4,HCFC1,PA2G4
HCFC1_PIAS1,HCFC1,PIAS1
HCFC1_PPP2R1A,HCFC1,PPP2R1A
HCFC1_PRKAG1,HCFC1,PRKAG1
HCFC1_PRPF8,HCFC1,PRPF8
HCFC1_PSMD1,HCFC1,PSMD1
HCFC1_PTPRJ,HCFC1,PTPRJ
HCFC1_QSER1,HCFC1,QSER1
HCFC1_RAPGEF6,HCFC1,RAPGEF6
HCFC1_RNH1,HCFC1,RNH1
HCFC1_RRM2,HCFC1,RRM2
HCFC1_SFPQ,HCFC1,SFPQ
HCFC1_SHB,HCFC1,SHB
HCFC1_SHOC2,HCFC1,SHOC2
HCFC1_SIX4,HCFC1,SIX4
HCFC1_SLC35F6,HCFC1,SLC35F6
HCFC1_SLC7A1,HCFC1,SLC7A1
HCFC1_SNRPD1,HCFC1,SNRPD1
HCFC1_SON,HCFC1,SON
HCFC1_SPAG7,HCFC1,SPAG7
HCFC1_SRRM1,HCFC1,SRRM1
HCFC1_TBC1D19,HCFC1,TBC1D19
HCFC1_TBCB,HCFC1,TBCB
HCFC1_TECR,HCFC1,TECR
HCFC1_TFRC,HCFC1,TFRC
HCFC1_TK1,HCFC1,TK1
HCFC1_TRPC3,HCFC1,TRPC3
HCFC1_TTC4,HCFC1,TTC4
HCFC1_UBQLN4,HCFC1,UBQLN4
HCFC1_UCHL5,HCFC1,UCHL5
HCFC1_VCP,HCFC1,VCP
HCFC1_VEGFA,HCFC1,VEGFA
HCFC1_WDR46,HCFC1,WDR46
HCFC1_YTHDF2,HCFC1,YTHDF2
HCFC1_YY1,HCFC1,YY1
HCFC1_ZBTB22,HCFC1,ZBTB22
HCFC1_ZBTB33,HCFC1,ZBTB33
HCFC1_ZNF207,HCFC1,ZNF207
HCFC1_ZNF35,HCFC1,ZNF35
HCFC1_ZNF367,HCFC1,ZNF367
KDM4A_ABI2,KDM4A,ABI2
KDM4A_AFF4,KDM4A,AFF4
KDM4A_AGFG1,KDM4A,AGFG1
KDM4A_AMPD2,KDM4A,AMPD2
KDM4A_ARMC1,KDM4A,ARMC1
KDM4A_ASXL2,KDM4A,ASXL2
KDM4A_ATXN7,KDM4A,ATXN7
KDM4A_AURKA,KDM4A,AURKA
KDM4A_BAP1,KDM4A,BAP1
KDM4A_BAZ2A,KDM4A,BAZ2A
KDM4A_BCL10,KDM4A,BCL10
KDM4A_BTG2,KDM4A,BTG2
KDM4A_BUB1,KDM4A,BUB1
KDM4A_CACNA1B,KDM4A,CACNA1B
KDM4A_CALR,KDM4A,CALR
KDM4A_CAP1,KDM4A,CAP1
KDM4A_CDC37,KDM4A,CDC37
KDM4A_CENPF,KDM4A,CENPF
KDM4A_CHD4,KDM4A,CHD4
KDM4A_CNOT1,KDM4A,CNOT1
KDM4A_CTPS1,KDM4A,CTPS1
KDM4A_DAZAP1,KDM4A,DAZAP1
KDM4A_DDB1,KDM4A,DDB1
KDM4A_DEPDC1,KDM4A,DEPDC1
KDM4A_DFFA,KDM4A,DFFA
KDM4A_DHX8,KDM4A,DHX8
KDM4A_EZH2,KDM4A,EZH2
KDM4A_FAM53C,KDM4A,FAM53C
KDM4A_GATAD2A,KDM4A,GATAD2A
KDM4A_GPATCH4,KDM4A,GPATCH4
KDM4A_HDAC5,KDM4A,HDAC5
KDM4A_HNRNPF,KDM4A,HNRNPF
KDM4A_IRS2,KDM4A,IRS2
KDM4A_ITGB3,KDM4A,ITGB3
KDM4A_KIF3B,KDM4A,KIF3B
KDM4A_LAMP5,KDM4A,LAMP5
KDM4A_LMBR1L,KDM4A,LMBR1L
KDM4A_MAP1S,KDM4A,MAP1S
KDM4A_MAP7D1,KDM4A,MAP7D1
KDM4A_MED16,KDM4A,MED16
KDM4A_MET,KDM4A,MET
KDM4A_MKS1,KDM4A,MKS1
KDM4A_MLLT10,KDM4A,MLLT10
KDM4A_MTDH,KDM4A,MTDH
KDM4A_MYO5A,KDM4A,MYO5A
KDM4A_MYRF,KDM4A,MYRF
KDM4A_NAGK,KDM4A,NAGK
KDM4A_NCL,KDM4A,NCL
KDM4A_NCOR1,KDM4A,NCOR1
KDM4A_NDRG1,KDM4A,NDRG1
KDM4A_NEU3,KDM4A,NEU3
KDM4A_NFATC4,KDM4A,NFATC4
KDM4A_NONO,KDM4A,NONO
KDM4A_NPTXR,KDM4A,NPTXR
KDM4A_NUP98,KDM4A,NUP98
KDM4A_PA2G4,KDM4A,PA2G4
KDM4A_PAK4,KDM4A,PAK4
KDM4A_PAPLN,KDM4A,PAPLN
KDM4A_PLCD1,KDM4A,PLCD1
KDM4A_PSMD1,KDM4A,PSMD1
KDM4A_PTCD3,KDM4A,PTCD3
KDM4A_PTPRJ,KDM4A,PTPRJ
KDM4A_QSER1,KDM4A,QSER1
KDM4A_RAPGEF6,KDM4A,RAPGEF6
KDM4A_RER1,KDM4A,RER1
KDM4A_RHBDF2,KDM4A,RHBDF2
KDM4A_RNF44,KDM4A,RNF44
KDM4A_RNH1,KDM4A,RNH1
KDM4A_RRM2,KDM4A,RRM2
KDM4A_SDK2,KDM4A,SDK2
KDM4A_SHB,KDM4A,SHB
KDM4A_SHOC2,KDM4A,SHOC2
KDM4A_SIX4,KDM4A,SIX4
KDM4A_SLC24A2,KDM4A,SLC24A2
KDM4A_SLC25A11,KDM4A,SLC25A11
KDM4A_SLC26A2,KDM4A,SLC26A2
KDM4A_SLC7A1,KDM4A,SLC7A1
KDM4A_SMC4,KDM4A,SMC4
KDM4A_SNRPD1,KDM4A,SNRPD1
KDM4A_SON,KDM4A,SON
KDM4A_SRRM2,KDM4A,SRRM2
KDM4A_ST8SIA3,KDM4A,ST8SIA3
KDM4A_STX4,KDM4A,STX4
KDM4A_SURF2,KDM4A,SURF2
KDM4A_TBC1D19,KDM4A,TBC1D19
KDM4A_TFRC,KDM4A,TFRC
KDM4A_TIAL1,KDM4A,TIAL1
KDM4A_TMEM214,KDM4A,TMEM214
KDM4A_TP53,KDM4A,TP53
KDM4A_TRPC3,KDM4A,TRPC3
KDM4A_TTC4,KDM4A,TTC4
KDM4A_UBE3C,KDM4A,UBE3C
KDM4A_UBQLN4,KDM4A,UBQLN4
KDM4A_VCP,KDM4A,VCP
KDM4A_VEGFA,KDM4A,VEGFA
KDM4A_YY1,KDM4A,YY1
KDM4A_ZMYM4,KDM4A,ZMYM4
KDM4A_ZNF35,KDM4A,ZNF35
KDM5A_ADAMTS8,KDM5A,ADAMTS8
KDM5A_AFF4,KDM5A,AFF4
KDM5A_AIPL1,KDM5A,AIPL1
KDM5A_AMPD2,KDM5A,AMPD2
KDM5A_ASXL2,KDM5A,ASXL2
KDM5A_BAHD1,KDM5A,BAHD1
KDM5A_BAZ2A,KDM5A,BAZ2A
KDM5A_BCL10,KDM5A,BCL10
KDM5A_BRD4,KDM5A,BRD4
KDM5A_BTG2,KDM5A,BTG2
KDM5A_BUB1,KDM5A,BUB1
KDM5A_CACNA1E,KDM5A,CACNA1E
KDM5A_CAP1,KDM5A,CAP1
KDM5A_CCL16,KDM5A,CCL16
KDM5A_CDK13,KDM5A,CDK13
KDM5A_CDK16,KDM5A,CDK16
KDM5A_CELF2,KDM5A,CELF2
KDM5A_CENPF,KDM5A,CENPF
KDM5A_CHD4,KDM5A,CHD4
KDM5A_COA1,KDM5A,COA1
KDM5A_COL1A1,KDM5A,COL1A1
KDM5A_CTPS1,KDM5A,CTPS1
KDM5A_DAB1,KDM5A,DAB1
KDM5A_DAZAP1,KDM5A,DAZAP1
KDM5A_DENND4C,KDM5A,DENND4C
KDM5A_DEPDC1,KDM5A,DEPDC1
KDM5A_DFFA,KDM5A,DFFA
KDM5A_E2F3,KDM5A,E2F3
KDM5A_EFNB1,KDM5A,EFNB1
KDM5A_EIF4A2,KDM5A,EIF4A2
KDM5A_ENG,KDM5A,ENG
KDM5A_EPB41,KDM5A,EPB41
KDM5A_EPB42,KDM5A,EPB42
KDM5A_ERGIC1,KDM5A,ERGIC1
KDM5A_EXT1,KDM5A,EXT1
KDM5A_FAM53C,KDM5A,FAM53C
KDM5A_FEM1B,KDM5A,FEM1B
KDM5A_FES,KDM5A,FES
KDM5A_GCK,KDM5A,GCK
KDM5A_GNAL,KDM5A,GNAL
KDM5A_GTPBP1,KDM5A,GTPBP1
KDM5A_GUCA1B,KDM5A,GUCA1B
KDM5A_HCFC1,KDM5A,HCFC1
KDM5A_HDAC5,KDM5A,HDAC5
KDM5A_HDAC8,KDM5A,HDAC8
KDM5A_HIST1H2BF,KDM5A,HIST1H2BF
KDM5A_HIST1H3F,KDM5A,HIST1H3F
KDM5A_HJURP,KDM5A,HJURP
KDM5A_IRS2,KDM5A,IRS2
KDM5A_KDM4A,KDM5A,KDM4A
KDM5A_KDM5A,KDM5A,KDM5A
KDM5A_KIF3B,KDM5A,KIF3B
KDM5A_KLHL26,KDM5A,KLHL26
KDM5A_LPAR2,KDM5A,LPAR2
KDM5A_MATR3,KDM5A,MATR3
KDM5A_MED16,KDM5A,MED16
KDM5A_MET,KDM5A,MET
KDM5A_MKS1,KDM5A,MKS1
KDM5A_MTCH1,KDM5A,MTCH1
KDM5A_MTDH,KDM5A,MTDH
KDM5A_MTMR4,KDM5A,MTMR4
KDM5A_NCL,KDM5A,NCL
KDM5A_NCOA6,KDM5A,NCOA6
KDM5A_NCOR1,KDM5A,NCOR1
KDM5A_NEU3,KDM5A,NEU3
KDM5A_NFATC4,KDM5A,NFATC4
KDM5A_NPAS1,KDM5A,NPAS1
KDM5A_NUP98,KDM5A,NUP98
KDM5A_OMD,KDM5A,OMD
KDM5A_PA2G4,KDM5A,PA2G4
KDM5A_PAPLN,KDM5A,PAPLN
KDM5A_PFKP,KDM5A,PFKP
KDM5A_PPP6R3,KDM5A,PPP6R3
KDM5A_PRC1,KDM5A,PRC1
KDM5A_PRKAG1,KDM5A,PRKAG1
KDM5A_PSMD1,KDM5A,PSMD1
KDM5A_QDPR,KDM5A,QDPR
KDM5A_QSER1,KDM5A,QSER1
KDM5A_RAB10,KDM5A,RAB10
KDM5A_RAPGEF6,KDM5A,RAPGEF6
KDM5A_RHBDF2,KDM5A,RHBDF2
KDM5A_RNF111,KDM5A,RNF111
KDM5A_RNH1,KDM5A,RNH1
KDM5A_RRM2,KDM5A,RRM2
KDM5A_SACS,KDM5A,SACS
KDM5A_SDK2,KDM5A,SDK2
KDM5A_SHB,KDM5A,SHB
KDM5A_SHOC2,KDM5A,SHOC2
KDM5A_SLC24A2,KDM5A,SLC24A2
KDM5A_SLC26A2,KDM5A,SLC26A2
KDM5A_SLC2A3,KDM5A,SLC2A3
KDM5A_SLC35E3,KDM5A,SLC35E3
KDM5A_SLC35F6,KDM5A,SLC35F6
KDM5A_SMC4,KDM5A,SMC4
KDM5A_SMTN,KDM5A,SMTN
KDM5A_SND1,KDM5A,SND1
KDM5A_SON,KDM5A,SON
KDM5A_SRRM1,KDM5A,SRRM1
KDM5A_SRRM2,KDM5A,SRRM2
KDM5A_ST8SIA3,KDM5A,ST8SIA3
KDM5A_STX4,KDM5A,STX4
KDM5A_TARDBP,KDM5A,TARDBP
KDM5A_TIAL1,KDM5A,TIAL1
KDM5A_TMEM138,KDM5A,TMEM138
KDM5A_TMEM214,KDM5A,TMEM214
KDM5A_TP53,KDM5A,TP53
KDM5A_TTC4,KDM5A,TTC4
KDM5A_UBQLN4,KDM5A,UBQLN4
KDM5A_UCHL5,KDM5A,UCHL5
KDM5A_VAPB,KDM5A,VAPB
KDM5A_VEGFA,KDM5A,VEGFA
KDM5A_WDR46,KDM5A,WDR46
KDM5A_ZFY,KDM5A,ZFY
KDM5A_ZMYM4,KDM5A,ZMYM4
KDM5A_ZNF207,KDM5A,ZNF207
LMO2_GTPBP1,LMO2,GTPBP1
NCOR1_BAZ2A,NCOR1,BAZ2A
NCOR1_HNRNPF,NCOR1,HNRNPF
NCOR1_LMBR1L,NCOR1,LMBR1L
NCOR1_SHB,NCOR1,SHB
RAD21_ABHD17B,RAD21,ABHD17B
RAD21_ABI2,RAD21,ABI2
RAD21_ADH5,RAD21,ADH5
RAD21_AFF4,RAD21,AFF4
RAD21_AIPL1,RAD21,AIPL1
RAD21_ALDH6A1,RAD21,ALDH6A1
RAD21_AQP3,RAD21,AQP3
RAD21_ARHGEF11,RAD21,ARHGEF11
RAD21_ARMC1,RAD21,ARMC1
RAD21_ASNS,RAD21,ASNS
RAD21_AURKA,RAD21,AURKA
RAD21_BAHD1,RAD21,BAHD1
RAD21_BAZ2A,RAD21,BAZ2A
RAD21_BBC3,RAD21,BBC3
RAD21_BRD4,RAD21,BRD4
RAD21_BTG2,RAD21,BTG2
RAD21_BUB1,RAD21,BUB1
RAD21_C1orf43,RAD21,C1orf43
RAD21_C5AR2,RAD21,C5AR2
RAD21_CACNA1B,RAD21,CACNA1B
RAD21_CACNA1E,RAD21,CACNA1E
RAD21_CALR,RAD21,CALR
RAD21_CAPZB,RAD21,CAPZB
RAD21_CCL16,RAD21,CCL16
RAD21_CDC25B,RAD21,CDC25B
RAD21_CDC37,RAD21,CDC37
RAD21_CDK13,RAD21,CDK13
RAD21_CELF2,RAD21,CELF2
RAD21_CENPA,RAD21,CENPA
RAD21_CHD4,RAD21,CHD4
RAD21_CLPP,RAD21,CLPP
RAD21_CTPS1,RAD21,CTPS1
RAD21_CUL3,RAD21,CUL3
RAD21_DDX19B,RAD21,DDX19B
RAD21_DEPDC1,RAD21,DEPDC1
RAD21_DLGAP5,RAD21,DLGAP5
RAD21_E2F3,RAD21,E2F3
RAD21_EGLN1,RAD21,EGLN1
RAD21_EPB41,RAD21,EPB41
RAD21_EXT1,RAD21,EXT1
RAD21_EZH2,RAD21,EZH2
RAD21_FBXW2,RAD21,FBXW2
RAD21_FEM1B,RAD21,FEM1B
RAD21_GATAD2A,RAD21,GATAD2A
RAD21_GUCA1B,RAD21,GUCA1B
RAD21_HCFC1,RAD21,HCFC1
RAD21_HDAC5,RAD21,HDAC5
RAD21_HNRNPF,RAD21,HNRNPF
RAD21_HNRNPR,RAD21,HNRNPR
RAD21_KDM4A,RAD21,KDM4A
RAD21_KLHL26,RAD21,KLHL26
RAD21_LAMP5,RAD21,LAMP5
RAD21_LMBR1L,RAD21,LMBR1L
RAD21_LPAR2,RAD21,LPAR2
RAD21_MAP7D1,RAD21,MAP7D1
RAD21_MAPRE2,RAD21,MAPRE2
RAD21_MET,RAD21,MET
RAD21_MFSD11,RAD21,MFSD11
RAD21_MLLT10,RAD21,MLLT10
RAD21_MORF4L1,RAD21,MORF4L1
RAD21_MYRF,RAD21,MYRF
RAD21_NAGK,RAD21,NAGK
RAD21_NDRG1,RAD21,NDRG1
RAD21_NEU3,RAD21,NEU3
RAD21_NONO,RAD21,NONO
RAD21_NPTXR,RAD21,NPTXR
RAD21_ORC6,RAD21,ORC6
RAD21_PCSK6,RAD21,PCSK6
RAD21_PFKP,RAD21,PFKP
RAD21_PPP2R1A,RAD21,PPP2R1A
RAD21_PRC1,RAD21,PRC1
RAD21_PRPF8,RAD21,PRPF8
RAD21_PSMD1,RAD21,PSMD1
RAD21_PTCD3,RAD21,PTCD3
RAD21_PTPRJ,RAD21,PTPRJ
RAD21_QDPR,RAD21,QDPR
RAD21_RAPGEF6,RAD21,RAPGEF6
RAD21_RCC1,RAD21,RCC1
RAD21_RER1,RAD21,RER1
RAD21_RHBDF2,RAD21,RHBDF2
RAD21_RNF111,RAD21,RNF111
RAD21_RNF4,RAD21,RNF4
RAD21_RNF44,RAD21,RNF44
RAD21_RRM2,RAD21,RRM2
RAD21_SDK2,RAD21,SDK2
RAD21_SFPQ,RAD21,SFPQ
RAD21_SGTA,RAD21,SGTA
RAD21_SHOC2,RAD21,SHOC2
RAD21_SLC24A2,RAD21,SLC24A2
RAD21_SLC26A2,RAD21,SLC26A2
RAD21_SLC28A1,RAD21,SLC28A1
RAD21_SLC2A3,RAD21,SLC2A3
RAD21_SLC35F6,RAD21,SLC35F6
RAD21_SMPDL3B,RAD21,SMPDL3B
RAD21_SNRPD1,RAD21,SNRPD1
RAD21_SON,RAD21,SON
RAD21_SPAG7,RAD21,SPAG7
RAD21_SRSF4,RAD21,SRSF4
RAD21_SSX2IP,RAD21,SSX2IP
RAD21_ST8SIA3,RAD21,ST8SIA3
RAD21_STX4,RAD21,STX4
RAD21_TBCB,RAD21,TBCB
RAD21_TECR,RAD21,TECR
RAD21_TFRC,RAD21,TFRC
RAD21_TIAL1,RAD21,TIAL1
RAD21_TK1,RAD21,TK1
RAD21_TMEM138,RAD21,TMEM138
RAD21_TMEM214,RAD21,TMEM214
RAD21_TPRA1,RAD21,TPRA1
RAD21_TRIP13,RAD21,TRIP13
RAD21_TRPC3,RAD21,TRPC3
RAD21_UBQLN4,RAD21,UBQLN4
RAD21_UCHL5,RAD21,UCHL5
RAD21_UTP15,RAD21,UTP15
RAD21_WDPCP,RAD21,WDPCP
RAD21_WDR13,RAD21,WDR13
RAD21_YTHDF2,RAD21,YTHDF2
RAD21_YY1,RAD21,YY1
RAD21_ZBTB22,RAD21,ZBTB22
RAD21_ZCCHC8,RAD21,ZCCHC8
RAD21_ZNF35,RAD21,ZNF35
RAD21_ZNF701,RAD21,ZNF701
SIRT6_ABI2,SIRT6,ABI2
SIRT6_ARHGEF11,SIRT6,ARHGEF11
SIRT6_ASNS,SIRT6,ASNS
SIRT6_ASXL2,SIRT6,ASXL2
SIRT6_AURKA,SIRT6,AURKA
SIRT6_BAP1,SIRT6,BAP1
SIRT6_BAZ2A,SIRT6,BAZ2A
SIRT6_CALR,SIRT6,CALR
SIRT6_CLPX,SIRT6,CLPX
SIRT6_CNOT1,SIRT6,CNOT1
SIRT6_CNR2,SIRT6,CNR2
SIRT6_COL1A1,SIRT6,COL1A1
SIRT6_CTPS1,SIRT6,CTPS1
SIRT6_DHX8,SIRT6,DHX8
SIRT6_DLGAP5,SIRT6,DLGAP5
SIRT6_EPB41,SIRT6,EPB41
SIRT6_EPB42,SIRT6,EPB42
SIRT6_GATAD2A,SIRT6,GATAD2A
SIRT6_GTPBP1,SIRT6,GTPBP1
SIRT6_HIST1H2BF,SIRT6,HIST1H2BF
SIRT6_ID3,SIRT6,ID3
SIRT6_ITIH1,SIRT6,ITIH1
SIRT6_LMBR1L,SIRT6,LMBR1L
SIRT6_MAP7D1,SIRT6,MAP7D1
SIRT6_MKS1,SIRT6,MKS1
SIRT6_MORF4L1,SIRT6,MORF4L1
SIRT6_MTDH,SIRT6,MTDH
SIRT6_MYO5A,SIRT6,MYO5A
SIRT6_NCL,SIRT6,NCL
SIRT6_NCOA6,SIRT6,NCOA6
SIRT6_NCOR1,SIRT6,NCOR1
SIRT6_NUP98,SIRT6,NUP98
SIRT6_ORC6,SIRT6,ORC6
SIRT6_PA2G4,SIRT6,PA2G4
SIRT6_PPP6R3,SIRT6,PPP6R3
SIRT6_PRPF8,SIRT6,PRPF8
SIRT6_PTCD3,SIRT6,PTCD3
SIRT6_QSER1,SIRT6,QSER1
SIRT6_RER1,SIRT6,RER1
SIRT6_RHOB,SIRT6,RHOB
SIRT6_RNF4,SIRT6,RNF4
SIRT6_SGTA,SIRT6,SGTA
SIRT6_SHOC2,SIRT6,SHOC2
SIRT6_SLC25A11,SIRT6,SLC25A11
SIRT6_SLC26A2,SIRT6,SLC26A2
SIRT6_SON,SIRT6,SON
SIRT6_SPAG7,SIRT6,SPAG7
SIRT6_SRRM1,SIRT6,SRRM1
SIRT6_SRSF4,SIRT6,SRSF4
SIRT6_SSX2IP,SIRT6,SSX2IP
SIRT6_STX4,SIRT6,STX4
SIRT6_TBCB,SIRT6,TBCB
SIRT6_TFRC,SIRT6,TFRC
SIRT6_TK1,SIRT6,TK1
SIRT6_TP53,SIRT6,TP53
SIRT6_TTC4,SIRT6,TTC4
SIRT6_UBQLN4,SIRT6,UBQLN4
SIRT6_UNC45A,SIRT6,UNC45A
SIRT6_WDR13,SIRT6,WDR13
SIRT6_ZMYM4,SIRT6,ZMYM4
SIRT6_ZNF207,SIRT6,ZNF207
SPI1_ABHD17B,SPI1,ABHD17B
SPI1_AP2B1,SPI1,AP2B1
SPI1_ATXN7,SPI1,ATXN7
SPI1_BLOC1S1,SPI1,BLOC1S1
SPI1_C1orf43,SPI1,C1orf43
SPI1_CAPZB,SPI1,CAPZB
SPI1_CDC37,SPI1,CDC37
SPI1_CTNNA2,SPI1,CTNNA2
SPI1_DEPDC1,SPI1,DEPDC1
SPI1_EIF4A2,SPI1,EIF4A2
SPI1_FBXW2,SPI1,FBXW2
SPI1_HCFC1,SPI1,HCFC1
SPI1_HIST1H2BF,SPI1,HIST1H2BF
SPI1_MET,SPI1,MET
SPI1_MFSD11,SPI1,MFSD11
SPI1_MYO1A,SPI1,MYO1A
SPI1_NCOA6,SPI1,NCOA6
SPI1_NCOR1,SPI1,NCOR1
SPI1_NPTXR,SPI1,NPTXR
SPI1_PLCD1,SPI1,PLCD1
SPI1_QSER1,SPI1,QSER1
SPI1_RAD21,SPI1,RAD21
SPI1_RHBDF2,SPI1,RHBDF2
SPI1_RORB,SPI1,RORB
SPI1_RRM2,SPI1,RRM2
SPI1_SACS,SPI1,SACS
SPI1_SDK2,SPI1,SDK2
SPI1_SFTPB,SPI1,SFTPB
SPI1_SLC35F6,SPI1,SLC35F6
SPI1_TBC1D19,SPI1,TBC1D19
SPI1_TM4SF5,SPI1,TM4SF5
SPI1_TNIP1,SPI1,TNIP1
SPI1_VEGFA,SPI1,VEGFA
SPI1_WDR13,SPI1,WDR13
SPI1_ZBTB22,SPI1,ZBTB22
SPI1_ZBTB33,SPI1,ZBTB33
SPI1_ZNF367,SPI1,ZNF367
SPI1_ZNF701,SPI1,ZNF701
STAT6_ATXN7,STAT6,ATXN7
STAT6_CELF2,STAT6,CELF2
STAT6_COL1A1,STAT6,COL1A1
STAT6_DDX19B,STAT6,DDX19B
STAT6_EZH2,STAT6,EZH2
STAT6_GTPBP1,STAT6,GTPBP1
STAT6_H6PD,STAT6,H6PD
STAT6_HNRNPF,STAT6,HNRNPF
STAT6_LMBR1L,STAT6,LMBR1L
STAT6_MAP1S,STAT6,MAP1S
STAT6_MAP7D1,STAT6,MAP7D1
STAT6_PAPLN,STAT6,PAPLN
STAT6_PLCD1,STAT6,PLCD1
STAT6_PTPN9,STAT6,PTPN9
STAT6_SFTPB,STAT6,SFTPB
STAT6_SHOC2,STAT6,SHOC2
STAT6_SLC35F6,STAT6,SLC35F6
STAT6_SORBS2,STAT6,SORBS2
STAT6_TIAL1,STAT6,TIAL1
STAT6_TM4SF5,STAT6,TM4SF5
STAT6_TMEM138,STAT6,TMEM138
STAT6_UNC45A,STAT6,UNC45A
TP53_AGFG1,TP53,AGFG1
TP53_ALDH6A1,TP53,ALDH6A1
TP53_AP2B1,TP53,AP2B1
TP53_ARHGEF11,TP53,ARHGEF11
TP53_ASNS,TP53,ASNS
TP53_ASXL2,TP53,ASXL2
TP53_ATXN7,TP53,ATXN7
TP53_AURKA,TP53,AURKA
TP53_BAZ2A,TP53,BAZ2A
TP53_BTG2,TP53,BTG2
TP53_CELF2,TP53,CELF2
TP53_CLPP,TP53,CLPP
TP53_COL1A1,TP53,COL1A1
TP53_CTPS1,TP53,CTPS1
TP53_DENND4C,TP53,DENND4C
TP53_ENG,TP53,ENG
TP53_GOLIM4,TP53,GOLIM4
TP53_HIST1H2BF,TP53,HIST1H2BF
TP53_HNRNPF,TP53,HNRNPF
TP53_MET,TP53,MET
TP53_MLLT10,TP53,MLLT10
TP53_MORF4L1,TP53,MORF4L1
TP53_MYO5A,TP53,MYO5A
TP53_MYRF,TP53,MYRF
TP53_NDRG1,TP53,NDRG1
TP53_NPAS1,TP53,NPAS1
TP53_PLCD1,TP53,PLCD1
TP53_PTPRJ,TP53,PTPRJ
TP53_QDPR,TP53,QDPR
TP53_QSER1,TP53,QSER1
TP53_RAD21,TP53,RAD21
TP53_RNF111,TP53,RNF111
TP53_SACS,TP53,SACS
TP53_SDK2,TP53,SDK2
TP53_SFPQ,TP53,SFPQ
TP53_SFTPB,TP53,SFTPB
TP53_SIX4,TP53,SIX4
TP53_SLC28A1,TP53,SLC28A1
TP53_SLC35E3,TP53,SLC35E3
TP53_SNRPD1,TP53,SNRPD1
TP53_SON,TP53,SON
TP53_TBCB,TP53,TBCB
TP53_TFRC,TP53,TFRC
TP53_TM4SF5,TP53,TM4SF5
TP53_TMEM214,TP53,TMEM214
TP53_TNIP1,TP53,TNIP1
TP53_UNC45A,TP53,UNC45A
TP53_WDR46,TP53,WDR46
TP53_YTHDF2,TP53,YTHDF2
TP53_ZNF207,TP53,ZNF207
YY1_BAZ2A,YY1,BAZ2A
YY1_BBC3,YY1,BBC3
YY1_BCL10,YY1,BCL10
YY1_C5AR2,YY1,C5AR2
YY1_CAPZB,YY1,CAPZB
YY1_CNR2,YY1,CNR2
YY1_CUL3,YY1,CUL3
YY1_DEGS1,YY1,DEGS1
YY1_DENND4C,YY1,DENND4C
YY1_DNASE2,YY1,DNASE2
YY1_EGLN1,YY1,EGLN1
YY1_GOLIM4,YY1,GOLIM4
YY1_HIST1H2BF,YY1,HIST1H2BF
YY1_HJURP,YY1,HJURP
YY1_HNRNPR,YY1,HNRNPR
YY1_ID3,YY1,ID3
YY1_KIAA1147,YY1,KIAA1147
YY1_LPAR2,YY1,LPAR2
YY1_MYO1A,YY1,MYO1A
YY1_NCL,YY1,NCL
YY1_NPTXR,YY1,NPTXR
YY1_PPAN-P2RY11,YY1,PPAN-P2RY11
YY1_SFMBT1,YY1,SFMBT1
YY1_SNRPD1,YY1,SNRPD1
YY1_SOX30,YY1,SOX30
YY1_SSR2,YY1,SSR2
YY1_TBC1D19,YY1,TBC1D19
YY1_TBCB,YY1,TBCB
YY1_TMEM138,YY1,TMEM138
YY1_TULP1,YY1,TULP1
YY1_YTHDF2,YY1,YTHDF2
ZBTB33_AGFG1,ZBTB33,AGFG1
ZBTB33_ARMC1,ZBTB33,ARMC1
ZBTB33_ASXL2,ZBTB33,ASXL2
ZBTB33_BAZ2A,ZBTB33,BAZ2A
ZBTB33_COL1A1,ZBTB33,COL1A1
ZBTB33_DAZAP1,ZBTB33,DAZAP1
ZBTB33_GATAD2A,ZBTB33,GATAD2A
ZBTB33_HIST1H2BB,ZBTB33,HIST1H2BB
ZBTB33_HIST1H2BF,ZBTB33,HIST1H2BF
ZBTB33_INTS7,ZBTB33,INTS7
ZBTB33_ITFG2,ZBTB33,ITFG2
ZBTB33_MED16,ZBTB33,MED16
ZBTB33_MET,ZBTB33,MET
ZBTB33_MLLT10,ZBTB33,MLLT10
ZBTB33_MTDH,ZBTB33,MTDH
ZBTB33_NCL,ZBTB33,NCL
ZBTB33_NCOR1,ZBTB33,NCOR1
ZBTB33_NONO,ZBTB33,NONO
ZBTB33_NUP98,ZBTB33,NUP98
ZBTB33_PA2G4,ZBTB33,PA2G4
ZBTB33_PSMD1,ZBTB33,PSMD1
ZBTB33_SLC25A11,ZBTB33,SLC25A11
ZBTB33_SRRM1,ZBTB33,SRRM1
ZBTB33_SRRM2,ZBTB33,SRRM2
ZBTB33_TBC1D19,ZBTB33,TBC1D19
ZBTB33_TFRC,ZBTB33,TFRC
ZBTB33_TP53,ZBTB33,TP53
ZBTB33_UBE3C,ZBTB33,UBE3C
ZBTB33_UBQLN4,ZBTB33,UBQLN4
ZBTB33_VEGFA,ZBTB33,VEGFA