ProImmune,AntiImmune
CD3E,GBP1
IL7,GBP1
IL18,GBP1
CD276,GBP1
IL21,GBP1
SART1,GBP1
CD47,GBP1
NCK2,GBP1
SIRPG,GBP1
NCK1,GBP1
LCK,GBP1
ZAP70,GBP1
IL12B,GBP1
CD24,GBP1
EBI3,GBP1
ICOSLG,GBP1
CD28,GBP1
RAB27A,GBP1
CLEC4E,GBP1
IFNE,GBP1
SLC11A1,GBP1
IFNA8,GBP1
LCP1,GBP1
RPS6,GBP1
CLEC4D,GBP1
IFNA13,GBP1
SLAMF6,GBP1
IL6,GBP1
IFNA6,GBP1
IFNA17,GBP1
IFNA21,GBP1
IFNA4,GBP1
IFNA5,GBP1
ATP7A,GBP1
IFNW1,GBP1
SEMA4A,GBP1
APBB1IP,GBP1
LY9,GBP1
IFNA16,GBP1
PSEN1,GBP1
IFNA7,GBP1
IL18R1,GBP1
FOXP1,GBP1
PTGER4,GBP1
IFNK,GBP1
RC3H2,GBP1
IFNA14,GBP1
TSC1,GBP1
BATF,GBP1
EIF2AK4,GBP1
RORC,GBP1
ICAM1,GBP1
CD86,GBP1
STAT6,GBP1
IFNG,GBP1
F2RL1,GBP1
CD1C,GBP1
ZFPM1,GBP1
RELB,GBP1
IFNA1,GBP1
LEF1,GBP1
IFNA10,GBP1
IRF4,GBP1
FCER1G,GBP1
ITGAL,GBP1
BCL3,GBP1
RORA,GBP1
EOMES,GBP1
FADD,GBP1
IL12A,GBP1
P2RX7,GBP1
IL12RB1,GBP1
PVRL2,GBP1
IL23R,GBP1
PVR,GBP1
HLA-E,GBP1
HLA-B,GBP1
NCR3,GBP1
IL23A,GBP1
STX7,GBP1
TMIGD2,GBP1
EPO,GBP1
IL2,GBP1
GPAM,GBP1
PYCARD,GBP1
IGF1,GBP1
HHLA2,GBP1
TNFSF9,GBP1
IL2RA,GBP1
PYDC1,GBP1
IGF2,GBP1
IGFBP2,GBP1
AGER,GBP1
STAT5B,GBP1
HSPD1,GBP1
IL1B,GBP1
ZBTB1,GBP1
ZP3,GBP1
CCR2,GBP1
SYK,GBP1
RIPK2,GBP1
CD83,GBP1
CD244,GBP1
NKAP,GBP1
CD55,GBP1
AP3D1,GBP1
CCL19,GBP1
PRKCQ,GBP1
RASAL3,GBP1
NCKAP1L,GBP1
MYB,GBP1
PNP,GBP1
CD80,GBP1
HSPH1,GBP1
TGFBR2,GBP1
ZBTB16,GBP1
AP3B1,GBP1
RARA,GBP1
ITPKB,GBP1
ADA,GBP1
CD3E,CEACAM1
IL7,CEACAM1
IL18,CEACAM1
CD276,CEACAM1
IL21,CEACAM1
SART1,CEACAM1
CD47,CEACAM1
NCK2,CEACAM1
SIRPG,CEACAM1
NCK1,CEACAM1
LCK,CEACAM1
ZAP70,CEACAM1
IL12B,CEACAM1
CD24,CEACAM1
EBI3,CEACAM1
ICOSLG,CEACAM1
CD28,CEACAM1
RAB27A,CEACAM1
CLEC4E,CEACAM1
IFNE,CEACAM1
SLC11A1,CEACAM1
IFNA8,CEACAM1
LCP1,CEACAM1
RPS6,CEACAM1
CLEC4D,CEACAM1
IFNA13,CEACAM1
SLAMF6,CEACAM1
IL6,CEACAM1
IFNA6,CEACAM1
IFNA17,CEACAM1
IFNA21,CEACAM1
IFNA4,CEACAM1
IFNA5,CEACAM1
ATP7A,CEACAM1
IFNW1,CEACAM1
SEMA4A,CEACAM1
APBB1IP,CEACAM1
LY9,CEACAM1
IFNA16,CEACAM1
PSEN1,CEACAM1
IFNA7,CEACAM1
IL18R1,CEACAM1
FOXP1,CEACAM1
PTGER4,CEACAM1
IFNK,CEACAM1
RC3H2,CEACAM1
IFNA14,CEACAM1
TSC1,CEACAM1
BATF,CEACAM1
EIF2AK4,CEACAM1
RORC,CEACAM1
ICAM1,CEACAM1
CD86,CEACAM1
STAT6,CEACAM1
IFNG,CEACAM1
F2RL1,CEACAM1
CD1C,CEACAM1
ZFPM1,CEACAM1
RELB,CEACAM1
IFNA1,CEACAM1
LEF1,CEACAM1
IFNA10,CEACAM1
IRF4,CEACAM1
FCER1G,CEACAM1
ITGAL,CEACAM1
BCL3,CEACAM1
RORA,CEACAM1
EOMES,CEACAM1
FADD,CEACAM1
IL12A,CEACAM1
P2RX7,CEACAM1
IL12RB1,CEACAM1
PVRL2,CEACAM1
IL23R,CEACAM1
PVR,CEACAM1
HLA-E,CEACAM1
HLA-B,CEACAM1
NCR3,CEACAM1
IL23A,CEACAM1
STX7,CEACAM1
TMIGD2,CEACAM1
EPO,CEACAM1
IL2,CEACAM1
GPAM,CEACAM1
PYCARD,CEACAM1
IGF1,CEACAM1
HHLA2,CEACAM1
TNFSF9,CEACAM1
IL2RA,CEACAM1
PYDC1,CEACAM1
IGF2,CEACAM1
IGFBP2,CEACAM1
AGER,CEACAM1
STAT5B,CEACAM1
HSPD1,CEACAM1
IL1B,CEACAM1
ZBTB1,CEACAM1
ZP3,CEACAM1
CCR2,CEACAM1
SYK,CEACAM1
RIPK2,CEACAM1
CD83,CEACAM1
CD244,CEACAM1
NKAP,CEACAM1
CD55,CEACAM1
AP3D1,CEACAM1
CCL19,CEACAM1
PRKCQ,CEACAM1
RASAL3,CEACAM1
NCKAP1L,CEACAM1
MYB,CEACAM1
PNP,CEACAM1
CD80,CEACAM1
HSPH1,CEACAM1
TGFBR2,CEACAM1
ZBTB16,CEACAM1
AP3B1,CEACAM1
RARA,CEACAM1
ITPKB,CEACAM1
ADA,CEACAM1
CD3E,LGALS3
IL7,LGALS3
IL18,LGALS3
CD276,LGALS3
IL21,LGALS3
SART1,LGALS3
CD47,LGALS3
NCK2,LGALS3
SIRPG,LGALS3
NCK1,LGALS3
LCK,LGALS3
ZAP70,LGALS3
IL12B,LGALS3
CD24,LGALS3
EBI3,LGALS3
ICOSLG,LGALS3
CD28,LGALS3
RAB27A,LGALS3
CLEC4E,LGALS3
IFNE,LGALS3
SLC11A1,LGALS3
IFNA8,LGALS3
LCP1,LGALS3
RPS6,LGALS3
CLEC4D,LGALS3
IFNA13,LGALS3
SLAMF6,LGALS3
IL6,LGALS3
IFNA6,LGALS3
IFNA17,LGALS3
IFNA21,LGALS3
IFNA4,LGALS3
IFNA5,LGALS3
ATP7A,LGALS3
IFNW1,LGALS3
SEMA4A,LGALS3
APBB1IP,LGALS3
LY9,LGALS3
IFNA16,LGALS3
PSEN1,LGALS3
IFNA7,LGALS3
IL18R1,LGALS3
FOXP1,LGALS3
PTGER4,LGALS3
IFNK,LGALS3
RC3H2,LGALS3
IFNA14,LGALS3
TSC1,LGALS3
BATF,LGALS3
EIF2AK4,LGALS3
RORC,LGALS3
ICAM1,LGALS3
CD86,LGALS3
STAT6,LGALS3
IFNG,LGALS3
F2RL1,LGALS3
CD1C,LGALS3
ZFPM1,LGALS3
RELB,LGALS3
IFNA1,LGALS3
LEF1,LGALS3
IFNA10,LGALS3
IRF4,LGALS3
FCER1G,LGALS3
ITGAL,LGALS3
BCL3,LGALS3
RORA,LGALS3
EOMES,LGALS3
FADD,LGALS3
IL12A,LGALS3
P2RX7,LGALS3
IL12RB1,LGALS3
PVRL2,LGALS3
IL23R,LGALS3
PVR,LGALS3
HLA-E,LGALS3
HLA-B,LGALS3
NCR3,LGALS3
IL23A,LGALS3
STX7,LGALS3
TMIGD2,LGALS3
EPO,LGALS3
IL2,LGALS3
GPAM,LGALS3
PYCARD,LGALS3
IGF1,LGALS3
HHLA2,LGALS3
TNFSF9,LGALS3
IL2RA,LGALS3
PYDC1,LGALS3
IGF2,LGALS3
IGFBP2,LGALS3
AGER,LGALS3
STAT5B,LGALS3
HSPD1,LGALS3
IL1B,LGALS3
ZBTB1,LGALS3
ZP3,LGALS3
CCR2,LGALS3
SYK,LGALS3
RIPK2,LGALS3
CD83,LGALS3
CD244,LGALS3
NKAP,LGALS3
CD55,LGALS3
AP3D1,LGALS3
CCL19,LGALS3
PRKCQ,LGALS3
RASAL3,LGALS3
NCKAP1L,LGALS3
MYB,LGALS3
PNP,LGALS3
CD80,LGALS3
HSPH1,LGALS3
TGFBR2,LGALS3
ZBTB16,LGALS3
AP3B1,LGALS3
RARA,LGALS3
ITPKB,LGALS3
ADA,LGALS3
CD3E,DUSP22
IL7,DUSP22
IL18,DUSP22
CD276,DUSP22
IL21,DUSP22
SART1,DUSP22
CD47,DUSP22
NCK2,DUSP22
SIRPG,DUSP22
NCK1,DUSP22
LCK,DUSP22
ZAP70,DUSP22
IL12B,DUSP22
CD24,DUSP22
EBI3,DUSP22
ICOSLG,DUSP22
CD28,DUSP22
RAB27A,DUSP22
CLEC4E,DUSP22
IFNE,DUSP22
SLC11A1,DUSP22
IFNA8,DUSP22
LCP1,DUSP22
RPS6,DUSP22
CLEC4D,DUSP22
IFNA13,DUSP22
SLAMF6,DUSP22
IL6,DUSP22
IFNA6,DUSP22
IFNA17,DUSP22
IFNA21,DUSP22
IFNA4,DUSP22
IFNA5,DUSP22
ATP7A,DUSP22
IFNW1,DUSP22
SEMA4A,DUSP22
APBB1IP,DUSP22
LY9,DUSP22
IFNA16,DUSP22
PSEN1,DUSP22
IFNA7,DUSP22
IL18R1,DUSP22
FOXP1,DUSP22
PTGER4,DUSP22
IFNK,DUSP22
RC3H2,DUSP22
IFNA14,DUSP22
TSC1,DUSP22
BATF,DUSP22
EIF2AK4,DUSP22
RORC,DUSP22
ICAM1,DUSP22
CD86,DUSP22
STAT6,DUSP22
IFNG,DUSP22
F2RL1,DUSP22
CD1C,DUSP22
ZFPM1,DUSP22
RELB,DUSP22
IFNA1,DUSP22
LEF1,DUSP22
IFNA10,DUSP22
IRF4,DUSP22
FCER1G,DUSP22
ITGAL,DUSP22
BCL3,DUSP22
RORA,DUSP22
EOMES,DUSP22
FADD,DUSP22
IL12A,DUSP22
P2RX7,DUSP22
IL12RB1,DUSP22
PVRL2,DUSP22
IL23R,DUSP22
PVR,DUSP22
HLA-E,DUSP22
HLA-B,DUSP22
NCR3,DUSP22
IL23A,DUSP22
STX7,DUSP22
TMIGD2,DUSP22
EPO,DUSP22
IL2,DUSP22
GPAM,DUSP22
PYCARD,DUSP22
IGF1,DUSP22
HHLA2,DUSP22
TNFSF9,DUSP22
IL2RA,DUSP22
PYDC1,DUSP22
IGF2,DUSP22
IGFBP2,DUSP22
AGER,DUSP22
STAT5B,DUSP22
HSPD1,DUSP22
IL1B,DUSP22
ZBTB1,DUSP22
ZP3,DUSP22
CCR2,DUSP22
SYK,DUSP22
RIPK2,DUSP22
CD83,DUSP22
CD244,DUSP22
NKAP,DUSP22
CD55,DUSP22
AP3D1,DUSP22
CCL19,DUSP22
PRKCQ,DUSP22
RASAL3,DUSP22
NCKAP1L,DUSP22
MYB,DUSP22
PNP,DUSP22
CD80,DUSP22
HSPH1,DUSP22
TGFBR2,DUSP22
ZBTB16,DUSP22
AP3B1,DUSP22
RARA,DUSP22
ITPKB,DUSP22
ADA,DUSP22
CD3E,PTPN2
IL7,PTPN2
IL18,PTPN2
CD276,PTPN2
IL21,PTPN2
SART1,PTPN2
CD47,PTPN2
NCK2,PTPN2
SIRPG,PTPN2
NCK1,PTPN2
LCK,PTPN2
ZAP70,PTPN2
IL12B,PTPN2
CD24,PTPN2
EBI3,PTPN2
ICOSLG,PTPN2
CD28,PTPN2
RAB27A,PTPN2
CLEC4E,PTPN2
IFNE,PTPN2
SLC11A1,PTPN2
IFNA8,PTPN2
LCP1,PTPN2
RPS6,PTPN2
CLEC4D,PTPN2
IFNA13,PTPN2
SLAMF6,PTPN2
IL6,PTPN2
IFNA6,PTPN2
IFNA17,PTPN2
IFNA21,PTPN2
IFNA4,PTPN2
IFNA5,PTPN2
ATP7A,PTPN2
IFNW1,PTPN2
SEMA4A,PTPN2
APBB1IP,PTPN2
LY9,PTPN2
IFNA16,PTPN2
PSEN1,PTPN2
IFNA7,PTPN2
IL18R1,PTPN2
FOXP1,PTPN2
PTGER4,PTPN2
IFNK,PTPN2
RC3H2,PTPN2
IFNA14,PTPN2
TSC1,PTPN2
BATF,PTPN2
EIF2AK4,PTPN2
RORC,PTPN2
ICAM1,PTPN2
CD86,PTPN2
STAT6,PTPN2
IFNG,PTPN2
F2RL1,PTPN2
CD1C,PTPN2
ZFPM1,PTPN2
RELB,PTPN2
IFNA1,PTPN2
LEF1,PTPN2
IFNA10,PTPN2
IRF4,PTPN2
FCER1G,PTPN2
ITGAL,PTPN2
BCL3,PTPN2
RORA,PTPN2
EOMES,PTPN2
FADD,PTPN2
IL12A,PTPN2
P2RX7,PTPN2
IL12RB1,PTPN2
PVRL2,PTPN2
IL23R,PTPN2
PVR,PTPN2
HLA-E,PTPN2
HLA-B,PTPN2
NCR3,PTPN2
IL23A,PTPN2
STX7,PTPN2
TMIGD2,PTPN2
EPO,PTPN2
IL2,PTPN2
GPAM,PTPN2
PYCARD,PTPN2
IGF1,PTPN2
HHLA2,PTPN2
TNFSF9,PTPN2
IL2RA,PTPN2
PYDC1,PTPN2
IGF2,PTPN2
IGFBP2,PTPN2
AGER,PTPN2
STAT5B,PTPN2
HSPD1,PTPN2
IL1B,PTPN2
ZBTB1,PTPN2
ZP3,PTPN2
CCR2,PTPN2
SYK,PTPN2
RIPK2,PTPN2
CD83,PTPN2
CD244,PTPN2
NKAP,PTPN2
CD55,PTPN2
AP3D1,PTPN2
CCL19,PTPN2
PRKCQ,PTPN2
RASAL3,PTPN2
NCKAP1L,PTPN2
MYB,PTPN2
PNP,PTPN2
CD80,PTPN2
HSPH1,PTPN2
TGFBR2,PTPN2
ZBTB16,PTPN2
AP3B1,PTPN2
RARA,PTPN2
ITPKB,PTPN2
ADA,PTPN2
CD3E,PTPRJ
IL7,PTPRJ
IL18,PTPRJ
CD276,PTPRJ
IL21,PTPRJ
SART1,PTPRJ
CD47,PTPRJ
NCK2,PTPRJ
SIRPG,PTPRJ
NCK1,PTPRJ
LCK,PTPRJ
ZAP70,PTPRJ
IL12B,PTPRJ
CD24,PTPRJ
EBI3,PTPRJ
ICOSLG,PTPRJ
CD28,PTPRJ
RAB27A,PTPRJ
CLEC4E,PTPRJ
IFNE,PTPRJ
SLC11A1,PTPRJ
IFNA8,PTPRJ
LCP1,PTPRJ
RPS6,PTPRJ
CLEC4D,PTPRJ
IFNA13,PTPRJ
SLAMF6,PTPRJ
IL6,PTPRJ
IFNA6,PTPRJ
IFNA17,PTPRJ
IFNA21,PTPRJ
IFNA4,PTPRJ
IFNA5,PTPRJ
ATP7A,PTPRJ
IFNW1,PTPRJ
SEMA4A,PTPRJ
APBB1IP,PTPRJ
LY9,PTPRJ
IFNA16,PTPRJ
PSEN1,PTPRJ
IFNA7,PTPRJ
IL18R1,PTPRJ
FOXP1,PTPRJ
PTGER4,PTPRJ
IFNK,PTPRJ
RC3H2,PTPRJ
IFNA14,PTPRJ
TSC1,PTPRJ
BATF,PTPRJ
EIF2AK4,PTPRJ
RORC,PTPRJ
ICAM1,PTPRJ
CD86,PTPRJ
STAT6,PTPRJ
IFNG,PTPRJ
F2RL1,PTPRJ
CD1C,PTPRJ
ZFPM1,PTPRJ
RELB,PTPRJ
IFNA1,PTPRJ
LEF1,PTPRJ
IFNA10,PTPRJ
IRF4,PTPRJ
FCER1G,PTPRJ
ITGAL,PTPRJ
BCL3,PTPRJ
RORA,PTPRJ
EOMES,PTPRJ
FADD,PTPRJ
IL12A,PTPRJ
P2RX7,PTPRJ
IL12RB1,PTPRJ
PVRL2,PTPRJ
IL23R,PTPRJ
PVR,PTPRJ
HLA-E,PTPRJ
HLA-B,PTPRJ
NCR3,PTPRJ
IL23A,PTPRJ
STX7,PTPRJ
TMIGD2,PTPRJ
EPO,PTPRJ
IL2,PTPRJ
GPAM,PTPRJ
PYCARD,PTPRJ
IGF1,PTPRJ
HHLA2,PTPRJ
TNFSF9,PTPRJ
IL2RA,PTPRJ
PYDC1,PTPRJ
IGF2,PTPRJ
IGFBP2,PTPRJ
AGER,PTPRJ
STAT5B,PTPRJ
HSPD1,PTPRJ
IL1B,PTPRJ
ZBTB1,PTPRJ
ZP3,PTPRJ
CCR2,PTPRJ
SYK,PTPRJ
RIPK2,PTPRJ
CD83,PTPRJ
CD244,PTPRJ
NKAP,PTPRJ
CD55,PTPRJ
AP3D1,PTPRJ
CCL19,PTPRJ
PRKCQ,PTPRJ
RASAL3,PTPRJ
NCKAP1L,PTPRJ
MYB,PTPRJ
PNP,PTPRJ
CD80,PTPRJ
HSPH1,PTPRJ
TGFBR2,PTPRJ
ZBTB16,PTPRJ
AP3B1,PTPRJ
RARA,PTPRJ
ITPKB,PTPRJ
ADA,PTPRJ
CD3E,PAWR
IL7,PAWR
IL18,PAWR
CD276,PAWR
IL21,PAWR
SART1,PAWR
CD47,PAWR
NCK2,PAWR
SIRPG,PAWR
NCK1,PAWR
LCK,PAWR
ZAP70,PAWR
IL12B,PAWR
CD24,PAWR
EBI3,PAWR
ICOSLG,PAWR
CD28,PAWR
RAB27A,PAWR
CLEC4E,PAWR
IFNE,PAWR
SLC11A1,PAWR
IFNA8,PAWR
LCP1,PAWR
RPS6,PAWR
CLEC4D,PAWR
IFNA13,PAWR
SLAMF6,PAWR
IL6,PAWR
IFNA6,PAWR
IFNA17,PAWR
IFNA21,PAWR
IFNA4,PAWR
IFNA5,PAWR
ATP7A,PAWR
IFNW1,PAWR
SEMA4A,PAWR
APBB1IP,PAWR
LY9,PAWR
IFNA16,PAWR
PSEN1,PAWR
IFNA7,PAWR
IL18R1,PAWR
FOXP1,PAWR
PTGER4,PAWR
IFNK,PAWR
RC3H2,PAWR
IFNA14,PAWR
TSC1,PAWR
BATF,PAWR
EIF2AK4,PAWR
RORC,PAWR
ICAM1,PAWR
CD86,PAWR
STAT6,PAWR
IFNG,PAWR
F2RL1,PAWR
CD1C,PAWR
ZFPM1,PAWR
RELB,PAWR
IFNA1,PAWR
LEF1,PAWR
IFNA10,PAWR
IRF4,PAWR
FCER1G,PAWR
ITGAL,PAWR
BCL3,PAWR
RORA,PAWR
EOMES,PAWR
FADD,PAWR
IL12A,PAWR
P2RX7,PAWR
IL12RB1,PAWR
PVRL2,PAWR
IL23R,PAWR
PVR,PAWR
HLA-E,PAWR
HLA-B,PAWR
NCR3,PAWR
IL23A,PAWR
STX7,PAWR
TMIGD2,PAWR
EPO,PAWR
IL2,PAWR
GPAM,PAWR
PYCARD,PAWR
IGF1,PAWR
HHLA2,PAWR
TNFSF9,PAWR
IL2RA,PAWR
PYDC1,PAWR
IGF2,PAWR
IGFBP2,PAWR
AGER,PAWR
STAT5B,PAWR
HSPD1,PAWR
IL1B,PAWR
ZBTB1,PAWR
ZP3,PAWR
CCR2,PAWR
SYK,PAWR
RIPK2,PAWR
CD83,PAWR
CD244,PAWR
NKAP,PAWR
CD55,PAWR
AP3D1,PAWR
CCL19,PAWR
PRKCQ,PAWR
RASAL3,PAWR
NCKAP1L,PAWR
MYB,PAWR
PNP,PAWR
CD80,PAWR
HSPH1,PAWR
TGFBR2,PAWR
ZBTB16,PAWR
AP3B1,PAWR
RARA,PAWR
ITPKB,PAWR
ADA,PAWR
CD3E,PHPT1
IL7,PHPT1
IL18,PHPT1
CD276,PHPT1
IL21,PHPT1
SART1,PHPT1
CD47,PHPT1
NCK2,PHPT1
SIRPG,PHPT1
NCK1,PHPT1
LCK,PHPT1
ZAP70,PHPT1
IL12B,PHPT1
CD24,PHPT1
EBI3,PHPT1
ICOSLG,PHPT1
CD28,PHPT1
RAB27A,PHPT1
CLEC4E,PHPT1
IFNE,PHPT1
SLC11A1,PHPT1
IFNA8,PHPT1
LCP1,PHPT1
RPS6,PHPT1
CLEC4D,PHPT1
IFNA13,PHPT1
SLAMF6,PHPT1
IL6,PHPT1
IFNA6,PHPT1
IFNA17,PHPT1
IFNA21,PHPT1
IFNA4,PHPT1
IFNA5,PHPT1
ATP7A,PHPT1
IFNW1,PHPT1
SEMA4A,PHPT1
APBB1IP,PHPT1
LY9,PHPT1
IFNA16,PHPT1
PSEN1,PHPT1
IFNA7,PHPT1
IL18R1,PHPT1
FOXP1,PHPT1
PTGER4,PHPT1
IFNK,PHPT1
RC3H2,PHPT1
IFNA14,PHPT1
TSC1,PHPT1
BATF,PHPT1
EIF2AK4,PHPT1
RORC,PHPT1
ICAM1,PHPT1
CD86,PHPT1
STAT6,PHPT1
IFNG,PHPT1
F2RL1,PHPT1
CD1C,PHPT1
ZFPM1,PHPT1
RELB,PHPT1
IFNA1,PHPT1
LEF1,PHPT1
IFNA10,PHPT1
IRF4,PHPT1
FCER1G,PHPT1
ITGAL,PHPT1
BCL3,PHPT1
RORA,PHPT1
EOMES,PHPT1
FADD,PHPT1
IL12A,PHPT1
P2RX7,PHPT1
IL12RB1,PHPT1
PVRL2,PHPT1
IL23R,PHPT1
PVR,PHPT1
HLA-E,PHPT1
HLA-B,PHPT1
NCR3,PHPT1
IL23A,PHPT1
STX7,PHPT1
TMIGD2,PHPT1
EPO,PHPT1
IL2,PHPT1
GPAM,PHPT1
PYCARD,PHPT1
IGF1,PHPT1
HHLA2,PHPT1
TNFSF9,PHPT1
IL2RA,PHPT1
PYDC1,PHPT1
IGF2,PHPT1
IGFBP2,PHPT1
AGER,PHPT1
STAT5B,PHPT1
HSPD1,PHPT1
IL1B,PHPT1
ZBTB1,PHPT1
ZP3,PHPT1
CCR2,PHPT1
SYK,PHPT1
RIPK2,PHPT1
CD83,PHPT1
CD244,PHPT1
NKAP,PHPT1
CD55,PHPT1
AP3D1,PHPT1
CCL19,PHPT1
PRKCQ,PHPT1
RASAL3,PHPT1
NCKAP1L,PHPT1
MYB,PHPT1
PNP,PHPT1
CD80,PHPT1
HSPH1,PHPT1
TGFBR2,PHPT1
ZBTB16,PHPT1
AP3B1,PHPT1
RARA,PHPT1
ITPKB,PHPT1
ADA,PHPT1
CD3E,ELF1
IL7,ELF1
IL18,ELF1
CD276,ELF1
IL21,ELF1
SART1,ELF1
CD47,ELF1
NCK2,ELF1
SIRPG,ELF1
NCK1,ELF1
LCK,ELF1
ZAP70,ELF1
IL12B,ELF1
CD24,ELF1
EBI3,ELF1
ICOSLG,ELF1
CD28,ELF1
RAB27A,ELF1
CLEC4E,ELF1
IFNE,ELF1
SLC11A1,ELF1
IFNA8,ELF1
LCP1,ELF1
RPS6,ELF1
CLEC4D,ELF1
IFNA13,ELF1
SLAMF6,ELF1
IL6,ELF1
IFNA6,ELF1
IFNA17,ELF1
IFNA21,ELF1
IFNA4,ELF1
IFNA5,ELF1
ATP7A,ELF1
IFNW1,ELF1
SEMA4A,ELF1
APBB1IP,ELF1
LY9,ELF1
IFNA16,ELF1
PSEN1,ELF1
IFNA7,ELF1
IL18R1,ELF1
FOXP1,ELF1
PTGER4,ELF1
IFNK,ELF1
RC3H2,ELF1
IFNA14,ELF1
TSC1,ELF1
BATF,ELF1
EIF2AK4,ELF1
RORC,ELF1
ICAM1,ELF1
CD86,ELF1
STAT6,ELF1
IFNG,ELF1
F2RL1,ELF1
CD1C,ELF1
ZFPM1,ELF1
RELB,ELF1
IFNA1,ELF1
LEF1,ELF1
IFNA10,ELF1
IRF4,ELF1
FCER1G,ELF1
ITGAL,ELF1
BCL3,ELF1
RORA,ELF1
EOMES,ELF1
FADD,ELF1
IL12A,ELF1
P2RX7,ELF1
IL12RB1,ELF1
PVRL2,ELF1
IL23R,ELF1
PVR,ELF1
HLA-E,ELF1
HLA-B,ELF1
NCR3,ELF1
IL23A,ELF1
STX7,ELF1
TMIGD2,ELF1
EPO,ELF1
IL2,ELF1
GPAM,ELF1
PYCARD,ELF1
IGF1,ELF1
HHLA2,ELF1
TNFSF9,ELF1
IL2RA,ELF1
PYDC1,ELF1
IGF2,ELF1
IGFBP2,ELF1
AGER,ELF1
STAT5B,ELF1
HSPD1,ELF1
IL1B,ELF1
ZBTB1,ELF1
ZP3,ELF1
CCR2,ELF1
SYK,ELF1
RIPK2,ELF1
CD83,ELF1
CD244,ELF1
NKAP,ELF1
CD55,ELF1
AP3D1,ELF1
CCL19,ELF1
PRKCQ,ELF1
RASAL3,ELF1
NCKAP1L,ELF1
MYB,ELF1
PNP,ELF1
CD80,ELF1
HSPH1,ELF1
TGFBR2,ELF1
ZBTB16,ELF1
AP3B1,ELF1
RARA,ELF1
ITPKB,ELF1
ADA,ELF1
CD3E,PTPN22
IL7,PTPN22
IL18,PTPN22
CD276,PTPN22
IL21,PTPN22
SART1,PTPN22
CD47,PTPN22
NCK2,PTPN22
SIRPG,PTPN22
NCK1,PTPN22
LCK,PTPN22
ZAP70,PTPN22
IL12B,PTPN22
CD24,PTPN22
EBI3,PTPN22
ICOSLG,PTPN22
CD28,PTPN22
RAB27A,PTPN22
CLEC4E,PTPN22
IFNE,PTPN22
SLC11A1,PTPN22
IFNA8,PTPN22
LCP1,PTPN22
RPS6,PTPN22
CLEC4D,PTPN22
IFNA13,PTPN22
SLAMF6,PTPN22
IL6,PTPN22
IFNA6,PTPN22
IFNA17,PTPN22
IFNA21,PTPN22
IFNA4,PTPN22
IFNA5,PTPN22
ATP7A,PTPN22
IFNW1,PTPN22
SEMA4A,PTPN22
APBB1IP,PTPN22
LY9,PTPN22
IFNA16,PTPN22
PSEN1,PTPN22
IFNA7,PTPN22
IL18R1,PTPN22
FOXP1,PTPN22
PTGER4,PTPN22
IFNK,PTPN22
RC3H2,PTPN22
IFNA14,PTPN22
TSC1,PTPN22
BATF,PTPN22
EIF2AK4,PTPN22
RORC,PTPN22
ICAM1,PTPN22
CD86,PTPN22
STAT6,PTPN22
IFNG,PTPN22
F2RL1,PTPN22
CD1C,PTPN22
ZFPM1,PTPN22
RELB,PTPN22
IFNA1,PTPN22
LEF1,PTPN22
IFNA10,PTPN22
IRF4,PTPN22
FCER1G,PTPN22
ITGAL,PTPN22
BCL3,PTPN22
RORA,PTPN22
EOMES,PTPN22
FADD,PTPN22
IL12A,PTPN22
P2RX7,PTPN22
IL12RB1,PTPN22
PVRL2,PTPN22
IL23R,PTPN22
PVR,PTPN22
HLA-E,PTPN22
HLA-B,PTPN22
NCR3,PTPN22
IL23A,PTPN22
STX7,PTPN22
TMIGD2,PTPN22
EPO,PTPN22
IL2,PTPN22
GPAM,PTPN22
PYCARD,PTPN22
IGF1,PTPN22
HHLA2,PTPN22
TNFSF9,PTPN22
IL2RA,PTPN22
PYDC1,PTPN22
IGF2,PTPN22
IGFBP2,PTPN22
AGER,PTPN22
STAT5B,PTPN22
HSPD1,PTPN22
IL1B,PTPN22
ZBTB1,PTPN22
ZP3,PTPN22
CCR2,PTPN22
SYK,PTPN22
RIPK2,PTPN22
CD83,PTPN22
CD244,PTPN22
NKAP,PTPN22
CD55,PTPN22
AP3D1,PTPN22
CCL19,PTPN22
PRKCQ,PTPN22
RASAL3,PTPN22
NCKAP1L,PTPN22
MYB,PTPN22
PNP,PTPN22
CD80,PTPN22
HSPH1,PTPN22
TGFBR2,PTPN22
ZBTB16,PTPN22
AP3B1,PTPN22
RARA,PTPN22
ITPKB,PTPN22
ADA,PTPN22
CD3E,UBASH3A
IL7,UBASH3A
IL18,UBASH3A
CD276,UBASH3A
IL21,UBASH3A
SART1,UBASH3A
CD47,UBASH3A
NCK2,UBASH3A
SIRPG,UBASH3A
NCK1,UBASH3A
LCK,UBASH3A
ZAP70,UBASH3A
IL12B,UBASH3A
CD24,UBASH3A
EBI3,UBASH3A
ICOSLG,UBASH3A
CD28,UBASH3A
RAB27A,UBASH3A
CLEC4E,UBASH3A
IFNE,UBASH3A
SLC11A1,UBASH3A
IFNA8,UBASH3A
LCP1,UBASH3A
RPS6,UBASH3A
CLEC4D,UBASH3A
IFNA13,UBASH3A
SLAMF6,UBASH3A
IL6,UBASH3A
IFNA6,UBASH3A
IFNA17,UBASH3A
IFNA21,UBASH3A
IFNA4,UBASH3A
IFNA5,UBASH3A
ATP7A,UBASH3A
IFNW1,UBASH3A
SEMA4A,UBASH3A
APBB1IP,UBASH3A
LY9,UBASH3A
IFNA16,UBASH3A
PSEN1,UBASH3A
IFNA7,UBASH3A
IL18R1,UBASH3A
FOXP1,UBASH3A
PTGER4,UBASH3A
IFNK,UBASH3A
RC3H2,UBASH3A
IFNA14,UBASH3A
TSC1,UBASH3A
BATF,UBASH3A
EIF2AK4,UBASH3A
RORC,UBASH3A
ICAM1,UBASH3A
CD86,UBASH3A
STAT6,UBASH3A
IFNG,UBASH3A
F2RL1,UBASH3A
CD1C,UBASH3A
ZFPM1,UBASH3A
RELB,UBASH3A
IFNA1,UBASH3A
LEF1,UBASH3A
IFNA10,UBASH3A
IRF4,UBASH3A
FCER1G,UBASH3A
ITGAL,UBASH3A
BCL3,UBASH3A
RORA,UBASH3A
EOMES,UBASH3A
FADD,UBASH3A
IL12A,UBASH3A
P2RX7,UBASH3A
IL12RB1,UBASH3A
PVRL2,UBASH3A
IL23R,UBASH3A
PVR,UBASH3A
HLA-E,UBASH3A
HLA-B,UBASH3A
NCR3,UBASH3A
IL23A,UBASH3A
STX7,UBASH3A
TMIGD2,UBASH3A
EPO,UBASH3A
IL2,UBASH3A
GPAM,UBASH3A
PYCARD,UBASH3A
IGF1,UBASH3A
HHLA2,UBASH3A
TNFSF9,UBASH3A
IL2RA,UBASH3A
PYDC1,UBASH3A
IGF2,UBASH3A
IGFBP2,UBASH3A
AGER,UBASH3A
STAT5B,UBASH3A
HSPD1,UBASH3A
IL1B,UBASH3A
ZBTB1,UBASH3A
ZP3,UBASH3A
CCR2,UBASH3A
SYK,UBASH3A
RIPK2,UBASH3A
CD83,UBASH3A
CD244,UBASH3A
NKAP,UBASH3A
CD55,UBASH3A
AP3D1,UBASH3A
CCL19,UBASH3A
PRKCQ,UBASH3A
RASAL3,UBASH3A
NCKAP1L,UBASH3A
MYB,UBASH3A
PNP,UBASH3A
CD80,UBASH3A
HSPH1,UBASH3A
TGFBR2,UBASH3A
ZBTB16,UBASH3A
AP3B1,UBASH3A
RARA,UBASH3A
ITPKB,UBASH3A
ADA,UBASH3A
CD3E,PTPN6
IL7,PTPN6
IL18,PTPN6
CD276,PTPN6
IL21,PTPN6
SART1,PTPN6
CD47,PTPN6
NCK2,PTPN6
SIRPG,PTPN6
NCK1,PTPN6
LCK,PTPN6
ZAP70,PTPN6
IL12B,PTPN6
CD24,PTPN6
EBI3,PTPN6
ICOSLG,PTPN6
CD28,PTPN6
RAB27A,PTPN6
CLEC4E,PTPN6
IFNE,PTPN6
SLC11A1,PTPN6
IFNA8,PTPN6
LCP1,PTPN6
RPS6,PTPN6
CLEC4D,PTPN6
IFNA13,PTPN6
SLAMF6,PTPN6
IL6,PTPN6
IFNA6,PTPN6
IFNA17,PTPN6
IFNA21,PTPN6
IFNA4,PTPN6
IFNA5,PTPN6
ATP7A,PTPN6
IFNW1,PTPN6
SEMA4A,PTPN6
APBB1IP,PTPN6
LY9,PTPN6
IFNA16,PTPN6
PSEN1,PTPN6
IFNA7,PTPN6
IL18R1,PTPN6
FOXP1,PTPN6
PTGER4,PTPN6
IFNK,PTPN6
RC3H2,PTPN6
IFNA14,PTPN6
TSC1,PTPN6
BATF,PTPN6
EIF2AK4,PTPN6
RORC,PTPN6
ICAM1,PTPN6
CD86,PTPN6
STAT6,PTPN6
IFNG,PTPN6
F2RL1,PTPN6
CD1C,PTPN6
ZFPM1,PTPN6
RELB,PTPN6
IFNA1,PTPN6
LEF1,PTPN6
IFNA10,PTPN6
IRF4,PTPN6
FCER1G,PTPN6
ITGAL,PTPN6
BCL3,PTPN6
RORA,PTPN6
EOMES,PTPN6
FADD,PTPN6
IL12A,PTPN6
P2RX7,PTPN6
IL12RB1,PTPN6
PVRL2,PTPN6
IL23R,PTPN6
PVR,PTPN6
HLA-E,PTPN6
HLA-B,PTPN6
NCR3,PTPN6
IL23A,PTPN6
STX7,PTPN6
TMIGD2,PTPN6
EPO,PTPN6
IL2,PTPN6
GPAM,PTPN6
PYCARD,PTPN6
IGF1,PTPN6
HHLA2,PTPN6
TNFSF9,PTPN6
IL2RA,PTPN6
PYDC1,PTPN6
IGF2,PTPN6
IGFBP2,PTPN6
AGER,PTPN6
STAT5B,PTPN6
HSPD1,PTPN6
IL1B,PTPN6
ZBTB1,PTPN6
ZP3,PTPN6
CCR2,PTPN6
SYK,PTPN6
RIPK2,PTPN6
CD83,PTPN6
CD244,PTPN6
NKAP,PTPN6
CD55,PTPN6
AP3D1,PTPN6
CCL19,PTPN6
PRKCQ,PTPN6
RASAL3,PTPN6
NCKAP1L,PTPN6
MYB,PTPN6
PNP,PTPN6
CD80,PTPN6
HSPH1,PTPN6
TGFBR2,PTPN6
ZBTB16,PTPN6
AP3B1,PTPN6
RARA,PTPN6
ITPKB,PTPN6
ADA,PTPN6
CD3E,DUSP3
IL7,DUSP3
IL18,DUSP3
CD276,DUSP3
IL21,DUSP3
SART1,DUSP3
CD47,DUSP3
NCK2,DUSP3
SIRPG,DUSP3
NCK1,DUSP3
LCK,DUSP3
ZAP70,DUSP3
IL12B,DUSP3
CD24,DUSP3
EBI3,DUSP3
ICOSLG,DUSP3
CD28,DUSP3
RAB27A,DUSP3
CLEC4E,DUSP3
IFNE,DUSP3
SLC11A1,DUSP3
IFNA8,DUSP3
LCP1,DUSP3
RPS6,DUSP3
CLEC4D,DUSP3
IFNA13,DUSP3
SLAMF6,DUSP3
IL6,DUSP3
IFNA6,DUSP3
IFNA17,DUSP3
IFNA21,DUSP3
IFNA4,DUSP3
IFNA5,DUSP3
ATP7A,DUSP3
IFNW1,DUSP3
SEMA4A,DUSP3
APBB1IP,DUSP3
LY9,DUSP3
IFNA16,DUSP3
PSEN1,DUSP3
IFNA7,DUSP3
IL18R1,DUSP3
FOXP1,DUSP3
PTGER4,DUSP3
IFNK,DUSP3
RC3H2,DUSP3
IFNA14,DUSP3
TSC1,DUSP3
BATF,DUSP3
EIF2AK4,DUSP3
RORC,DUSP3
ICAM1,DUSP3
CD86,DUSP3
STAT6,DUSP3
IFNG,DUSP3
F2RL1,DUSP3
CD1C,DUSP3
ZFPM1,DUSP3
RELB,DUSP3
IFNA1,DUSP3
LEF1,DUSP3
IFNA10,DUSP3
IRF4,DUSP3
FCER1G,DUSP3
ITGAL,DUSP3
BCL3,DUSP3
RORA,DUSP3
EOMES,DUSP3
FADD,DUSP3
IL12A,DUSP3
P2RX7,DUSP3
IL12RB1,DUSP3
PVRL2,DUSP3
IL23R,DUSP3
PVR,DUSP3
HLA-E,DUSP3
HLA-B,DUSP3
NCR3,DUSP3
IL23A,DUSP3
STX7,DUSP3
TMIGD2,DUSP3
EPO,DUSP3
IL2,DUSP3
GPAM,DUSP3
PYCARD,DUSP3
IGF1,DUSP3
HHLA2,DUSP3
TNFSF9,DUSP3
IL2RA,DUSP3
PYDC1,DUSP3
IGF2,DUSP3
IGFBP2,DUSP3
AGER,DUSP3
STAT5B,DUSP3
HSPD1,DUSP3
IL1B,DUSP3
ZBTB1,DUSP3
ZP3,DUSP3
CCR2,DUSP3
SYK,DUSP3
RIPK2,DUSP3
CD83,DUSP3
CD244,DUSP3
NKAP,DUSP3
CD55,DUSP3
AP3D1,DUSP3
CCL19,DUSP3
PRKCQ,DUSP3
RASAL3,DUSP3
NCKAP1L,DUSP3
MYB,DUSP3
PNP,DUSP3
CD80,DUSP3
HSPH1,DUSP3
TGFBR2,DUSP3
ZBTB16,DUSP3
AP3B1,DUSP3
RARA,DUSP3
ITPKB,DUSP3
ADA,DUSP3
CD3E,PRNP
IL7,PRNP
IL18,PRNP
CD276,PRNP
IL21,PRNP
SART1,PRNP
CD47,PRNP
NCK2,PRNP
SIRPG,PRNP
NCK1,PRNP
LCK,PRNP
ZAP70,PRNP
IL12B,PRNP
CD24,PRNP
EBI3,PRNP
ICOSLG,PRNP
CD28,PRNP
RAB27A,PRNP
CLEC4E,PRNP
IFNE,PRNP
SLC11A1,PRNP
IFNA8,PRNP
LCP1,PRNP
RPS6,PRNP
CLEC4D,PRNP
IFNA13,PRNP
SLAMF6,PRNP
IL6,PRNP
IFNA6,PRNP
IFNA17,PRNP
IFNA21,PRNP
IFNA4,PRNP
IFNA5,PRNP
ATP7A,PRNP
IFNW1,PRNP
SEMA4A,PRNP
APBB1IP,PRNP
LY9,PRNP
IFNA16,PRNP
PSEN1,PRNP
IFNA7,PRNP
IL18R1,PRNP
FOXP1,PRNP
PTGER4,PRNP
IFNK,PRNP
RC3H2,PRNP
IFNA14,PRNP
TSC1,PRNP
BATF,PRNP
EIF2AK4,PRNP
RORC,PRNP
ICAM1,PRNP
CD86,PRNP
STAT6,PRNP
IFNG,PRNP
F2RL1,PRNP
CD1C,PRNP
ZFPM1,PRNP
RELB,PRNP
IFNA1,PRNP
LEF1,PRNP
IFNA10,PRNP
IRF4,PRNP
FCER1G,PRNP
ITGAL,PRNP
BCL3,PRNP
RORA,PRNP
EOMES,PRNP
FADD,PRNP
IL12A,PRNP
P2RX7,PRNP
IL12RB1,PRNP
PVRL2,PRNP
IL23R,PRNP
PVR,PRNP
HLA-E,PRNP
HLA-B,PRNP
NCR3,PRNP
IL23A,PRNP
STX7,PRNP
TMIGD2,PRNP
EPO,PRNP
IL2,PRNP
GPAM,PRNP
PYCARD,PRNP
IGF1,PRNP
HHLA2,PRNP
TNFSF9,PRNP
IL2RA,PRNP
PYDC1,PRNP
IGF2,PRNP
IGFBP2,PRNP
AGER,PRNP
STAT5B,PRNP
HSPD1,PRNP
IL1B,PRNP
ZBTB1,PRNP
ZP3,PRNP
CCR2,PRNP
SYK,PRNP
RIPK2,PRNP
CD83,PRNP
CD244,PRNP
NKAP,PRNP
CD55,PRNP
AP3D1,PRNP
CCL19,PRNP
PRKCQ,PRNP
RASAL3,PRNP
NCKAP1L,PRNP
MYB,PRNP
PNP,PRNP
CD80,PRNP
HSPH1,PRNP
TGFBR2,PRNP
ZBTB16,PRNP
AP3B1,PRNP
RARA,PRNP
ITPKB,PRNP
ADA,PRNP
CD3E,EZR
IL7,EZR
IL18,EZR
CD276,EZR
IL21,EZR
SART1,EZR
CD47,EZR
NCK2,EZR
SIRPG,EZR
NCK1,EZR
LCK,EZR
ZAP70,EZR
IL12B,EZR
CD24,EZR
EBI3,EZR
ICOSLG,EZR
CD28,EZR
RAB27A,EZR
CLEC4E,EZR
IFNE,EZR
SLC11A1,EZR
IFNA8,EZR
LCP1,EZR
RPS6,EZR
CLEC4D,EZR
IFNA13,EZR
SLAMF6,EZR
IL6,EZR
IFNA6,EZR
IFNA17,EZR
IFNA21,EZR
IFNA4,EZR
IFNA5,EZR
ATP7A,EZR
IFNW1,EZR
SEMA4A,EZR
APBB1IP,EZR
LY9,EZR
IFNA16,EZR
PSEN1,EZR
IFNA7,EZR
IL18R1,EZR
FOXP1,EZR
PTGER4,EZR
IFNK,EZR
RC3H2,EZR
IFNA14,EZR
TSC1,EZR
BATF,EZR
EIF2AK4,EZR
RORC,EZR
ICAM1,EZR
CD86,EZR
STAT6,EZR
IFNG,EZR
F2RL1,EZR
CD1C,EZR
ZFPM1,EZR
RELB,EZR
IFNA1,EZR
LEF1,EZR
IFNA10,EZR
IRF4,EZR
FCER1G,EZR
ITGAL,EZR
BCL3,EZR
RORA,EZR
EOMES,EZR
FADD,EZR
IL12A,EZR
P2RX7,EZR
IL12RB1,EZR
PVRL2,EZR
IL23R,EZR
PVR,EZR
HLA-E,EZR
HLA-B,EZR
NCR3,EZR
IL23A,EZR
STX7,EZR
TMIGD2,EZR
EPO,EZR
IL2,EZR
GPAM,EZR
PYCARD,EZR
IGF1,EZR
HHLA2,EZR
TNFSF9,EZR
IL2RA,EZR
PYDC1,EZR
IGF2,EZR
IGFBP2,EZR
AGER,EZR
STAT5B,EZR
HSPD1,EZR
IL1B,EZR
ZBTB1,EZR
ZP3,EZR
CCR2,EZR
SYK,EZR
RIPK2,EZR
CD83,EZR
CD244,EZR
NKAP,EZR
CD55,EZR
AP3D1,EZR
CCL19,EZR
PRKCQ,EZR
RASAL3,EZR
NCKAP1L,EZR
MYB,EZR
PNP,EZR
CD80,EZR
HSPH1,EZR
TGFBR2,EZR
ZBTB16,EZR
AP3B1,EZR
RARA,EZR
ITPKB,EZR
ADA,EZR
CD3E,HFE
IL7,HFE
IL18,HFE
CD276,HFE
IL21,HFE
SART1,HFE
CD47,HFE
NCK2,HFE
SIRPG,HFE
NCK1,HFE
LCK,HFE
ZAP70,HFE
IL12B,HFE
CD24,HFE
EBI3,HFE
ICOSLG,HFE
CD28,HFE
RAB27A,HFE
CLEC4E,HFE
IFNE,HFE
SLC11A1,HFE
IFNA8,HFE
LCP1,HFE
RPS6,HFE
CLEC4D,HFE
IFNA13,HFE
SLAMF6,HFE
IL6,HFE
IFNA6,HFE
IFNA17,HFE
IFNA21,HFE
IFNA4,HFE
IFNA5,HFE
ATP7A,HFE
IFNW1,HFE
SEMA4A,HFE
APBB1IP,HFE
LY9,HFE
IFNA16,HFE
PSEN1,HFE
IFNA7,HFE
IL18R1,HFE
FOXP1,HFE
PTGER4,HFE
IFNK,HFE
RC3H2,HFE
IFNA14,HFE
TSC1,HFE
BATF,HFE
EIF2AK4,HFE
RORC,HFE
ICAM1,HFE
CD86,HFE
STAT6,HFE
IFNG,HFE
F2RL1,HFE
CD1C,HFE
ZFPM1,HFE
RELB,HFE
IFNA1,HFE
LEF1,HFE
IFNA10,HFE
IRF4,HFE
FCER1G,HFE
ITGAL,HFE
BCL3,HFE
RORA,HFE
EOMES,HFE
FADD,HFE
IL12A,HFE
P2RX7,HFE
IL12RB1,HFE
PVRL2,HFE
IL23R,HFE
PVR,HFE
HLA-E,HFE
HLA-B,HFE
NCR3,HFE
IL23A,HFE
STX7,HFE
TMIGD2,HFE
EPO,HFE
IL2,HFE
GPAM,HFE
PYCARD,HFE
IGF1,HFE
HHLA2,HFE
TNFSF9,HFE
IL2RA,HFE
PYDC1,HFE
IGF2,HFE
IGFBP2,HFE
AGER,HFE
STAT5B,HFE
HSPD1,HFE
IL1B,HFE
ZBTB1,HFE
ZP3,HFE
CCR2,HFE
SYK,HFE
RIPK2,HFE
CD83,HFE
CD244,HFE
NKAP,HFE
CD55,HFE
AP3D1,HFE
CCL19,HFE
PRKCQ,HFE
RASAL3,HFE
NCKAP1L,HFE
MYB,HFE
PNP,HFE
CD80,HFE
HSPH1,HFE
TGFBR2,HFE
ZBTB16,HFE
AP3B1,HFE
RARA,HFE
ITPKB,HFE
ADA,HFE
CD3E,CLC
IL7,CLC
IL18,CLC
CD276,CLC
IL21,CLC
SART1,CLC
CD47,CLC
NCK2,CLC
SIRPG,CLC
NCK1,CLC
LCK,CLC
ZAP70,CLC
IL12B,CLC
CD24,CLC
EBI3,CLC
ICOSLG,CLC
CD28,CLC
RAB27A,CLC
CLEC4E,CLC
IFNE,CLC
SLC11A1,CLC
IFNA8,CLC
LCP1,CLC
RPS6,CLC
CLEC4D,CLC
IFNA13,CLC
SLAMF6,CLC
IL6,CLC
IFNA6,CLC
IFNA17,CLC
IFNA21,CLC
IFNA4,CLC
IFNA5,CLC
ATP7A,CLC
IFNW1,CLC
SEMA4A,CLC
APBB1IP,CLC
LY9,CLC
IFNA16,CLC
PSEN1,CLC
IFNA7,CLC
IL18R1,CLC
FOXP1,CLC
PTGER4,CLC
IFNK,CLC
RC3H2,CLC
IFNA14,CLC
TSC1,CLC
BATF,CLC
EIF2AK4,CLC
RORC,CLC
ICAM1,CLC
CD86,CLC
STAT6,CLC
IFNG,CLC
F2RL1,CLC
CD1C,CLC
ZFPM1,CLC
RELB,CLC
IFNA1,CLC
LEF1,CLC
IFNA10,CLC
IRF4,CLC
FCER1G,CLC
ITGAL,CLC
BCL3,CLC
RORA,CLC
EOMES,CLC
FADD,CLC
IL12A,CLC
P2RX7,CLC
IL12RB1,CLC
PVRL2,CLC
IL23R,CLC
PVR,CLC
HLA-E,CLC
HLA-B,CLC
NCR3,CLC
IL23A,CLC
STX7,CLC
TMIGD2,CLC
EPO,CLC
IL2,CLC
GPAM,CLC
PYCARD,CLC
IGF1,CLC
HHLA2,CLC
TNFSF9,CLC
IL2RA,CLC
PYDC1,CLC
IGF2,CLC
IGFBP2,CLC
AGER,CLC
STAT5B,CLC
HSPD1,CLC
IL1B,CLC
ZBTB1,CLC
ZP3,CLC
CCR2,CLC
SYK,CLC
RIPK2,CLC
CD83,CLC
CD244,CLC
NKAP,CLC
CD55,CLC
AP3D1,CLC
CCL19,CLC
PRKCQ,CLC
RASAL3,CLC
NCKAP1L,CLC
MYB,CLC
PNP,CLC
CD80,CLC
HSPH1,CLC
TGFBR2,CLC
ZBTB16,CLC
AP3B1,CLC
RARA,CLC
ITPKB,CLC
ADA,CLC
CD3E,TRPM4
IL7,TRPM4
IL18,TRPM4
CD276,TRPM4
IL21,TRPM4
SART1,TRPM4
CD47,TRPM4
NCK2,TRPM4
SIRPG,TRPM4
NCK1,TRPM4
LCK,TRPM4
ZAP70,TRPM4
IL12B,TRPM4
CD24,TRPM4
EBI3,TRPM4
ICOSLG,TRPM4
CD28,TRPM4
RAB27A,TRPM4
CLEC4E,TRPM4
IFNE,TRPM4
SLC11A1,TRPM4
IFNA8,TRPM4
LCP1,TRPM4
RPS6,TRPM4
CLEC4D,TRPM4
IFNA13,TRPM4
SLAMF6,TRPM4
IL6,TRPM4
IFNA6,TRPM4
IFNA17,TRPM4
IFNA21,TRPM4
IFNA4,TRPM4
IFNA5,TRPM4
ATP7A,TRPM4
IFNW1,TRPM4
SEMA4A,TRPM4
APBB1IP,TRPM4
LY9,TRPM4
IFNA16,TRPM4
PSEN1,TRPM4
IFNA7,TRPM4
IL18R1,TRPM4
FOXP1,TRPM4
PTGER4,TRPM4
IFNK,TRPM4
RC3H2,TRPM4
IFNA14,TRPM4
TSC1,TRPM4
BATF,TRPM4
EIF2AK4,TRPM4
RORC,TRPM4
ICAM1,TRPM4
CD86,TRPM4
STAT6,TRPM4
IFNG,TRPM4
F2RL1,TRPM4
CD1C,TRPM4
ZFPM1,TRPM4
RELB,TRPM4
IFNA1,TRPM4
LEF1,TRPM4
IFNA10,TRPM4
IRF4,TRPM4
FCER1G,TRPM4
ITGAL,TRPM4
BCL3,TRPM4
RORA,TRPM4
EOMES,TRPM4
FADD,TRPM4
IL12A,TRPM4
P2RX7,TRPM4
IL12RB1,TRPM4
PVRL2,TRPM4
IL23R,TRPM4
PVR,TRPM4
HLA-E,TRPM4
HLA-B,TRPM4
NCR3,TRPM4
IL23A,TRPM4
STX7,TRPM4
TMIGD2,TRPM4
EPO,TRPM4
IL2,TRPM4
GPAM,TRPM4
PYCARD,TRPM4
IGF1,TRPM4
HHLA2,TRPM4
TNFSF9,TRPM4
IL2RA,TRPM4
PYDC1,TRPM4
IGF2,TRPM4
IGFBP2,TRPM4
AGER,TRPM4
STAT5B,TRPM4
HSPD1,TRPM4
IL1B,TRPM4
ZBTB1,TRPM4
ZP3,TRPM4
CCR2,TRPM4
SYK,TRPM4
RIPK2,TRPM4
CD83,TRPM4
CD244,TRPM4
NKAP,TRPM4
CD55,TRPM4
AP3D1,TRPM4
CCL19,TRPM4
PRKCQ,TRPM4
RASAL3,TRPM4
NCKAP1L,TRPM4
MYB,TRPM4
PNP,TRPM4
CD80,TRPM4
HSPH1,TRPM4
TGFBR2,TRPM4
ZBTB16,TRPM4
AP3B1,TRPM4
RARA,TRPM4
ITPKB,TRPM4
ADA,TRPM4
CD3E,C10orf54
IL7,C10orf54
IL18,C10orf54
CD276,C10orf54
IL21,C10orf54
SART1,C10orf54
CD47,C10orf54
NCK2,C10orf54
SIRPG,C10orf54
NCK1,C10orf54
LCK,C10orf54
ZAP70,C10orf54
IL12B,C10orf54
CD24,C10orf54
EBI3,C10orf54
ICOSLG,C10orf54
CD28,C10orf54
RAB27A,C10orf54
CLEC4E,C10orf54
IFNE,C10orf54
SLC11A1,C10orf54
IFNA8,C10orf54
LCP1,C10orf54
RPS6,C10orf54
CLEC4D,C10orf54
IFNA13,C10orf54
SLAMF6,C10orf54
IL6,C10orf54
IFNA6,C10orf54
IFNA17,C10orf54
IFNA21,C10orf54
IFNA4,C10orf54
IFNA5,C10orf54
ATP7A,C10orf54
IFNW1,C10orf54
SEMA4A,C10orf54
APBB1IP,C10orf54
LY9,C10orf54
IFNA16,C10orf54
PSEN1,C10orf54
IFNA7,C10orf54
IL18R1,C10orf54
FOXP1,C10orf54
PTGER4,C10orf54
IFNK,C10orf54
RC3H2,C10orf54
IFNA14,C10orf54
TSC1,C10orf54
BATF,C10orf54
EIF2AK4,C10orf54
RORC,C10orf54
ICAM1,C10orf54
CD86,C10orf54
STAT6,C10orf54
IFNG,C10orf54
F2RL1,C10orf54
CD1C,C10orf54
ZFPM1,C10orf54
RELB,C10orf54
IFNA1,C10orf54
LEF1,C10orf54
IFNA10,C10orf54
IRF4,C10orf54
FCER1G,C10orf54
ITGAL,C10orf54
BCL3,C10orf54
RORA,C10orf54
EOMES,C10orf54
FADD,C10orf54
IL12A,C10orf54
P2RX7,C10orf54
IL12RB1,C10orf54
PVRL2,C10orf54
IL23R,C10orf54
PVR,C10orf54
HLA-E,C10orf54
HLA-B,C10orf54
NCR3,C10orf54
IL23A,C10orf54
STX7,C10orf54
TMIGD2,C10orf54
EPO,C10orf54
IL2,C10orf54
GPAM,C10orf54
PYCARD,C10orf54
IGF1,C10orf54
HHLA2,C10orf54
TNFSF9,C10orf54
IL2RA,C10orf54
PYDC1,C10orf54
IGF2,C10orf54
IGFBP2,C10orf54
AGER,C10orf54
STAT5B,C10orf54
HSPD1,C10orf54
IL1B,C10orf54
ZBTB1,C10orf54
ZP3,C10orf54
CCR2,C10orf54
SYK,C10orf54
RIPK2,C10orf54
CD83,C10orf54
CD244,C10orf54
NKAP,C10orf54
CD55,C10orf54
AP3D1,C10orf54
CCL19,C10orf54
PRKCQ,C10orf54
RASAL3,C10orf54
NCKAP1L,C10orf54
MYB,C10orf54
PNP,C10orf54
CD80,C10orf54
HSPH1,C10orf54
TGFBR2,C10orf54
ZBTB16,C10orf54
AP3B1,C10orf54
RARA,C10orf54
ITPKB,C10orf54
ADA,C10orf54
CD3E,CLEC4G
IL7,CLEC4G
IL18,CLEC4G
CD276,CLEC4G
IL21,CLEC4G
SART1,CLEC4G
CD47,CLEC4G
NCK2,CLEC4G
SIRPG,CLEC4G
NCK1,CLEC4G
LCK,CLEC4G
ZAP70,CLEC4G
IL12B,CLEC4G
CD24,CLEC4G
EBI3,CLEC4G
ICOSLG,CLEC4G
CD28,CLEC4G
RAB27A,CLEC4G
CLEC4E,CLEC4G
IFNE,CLEC4G
SLC11A1,CLEC4G
IFNA8,CLEC4G
LCP1,CLEC4G
RPS6,CLEC4G
CLEC4D,CLEC4G
IFNA13,CLEC4G
SLAMF6,CLEC4G
IL6,CLEC4G
IFNA6,CLEC4G
IFNA17,CLEC4G
IFNA21,CLEC4G
IFNA4,CLEC4G
IFNA5,CLEC4G
ATP7A,CLEC4G
IFNW1,CLEC4G
SEMA4A,CLEC4G
APBB1IP,CLEC4G
LY9,CLEC4G
IFNA16,CLEC4G
PSEN1,CLEC4G
IFNA7,CLEC4G
IL18R1,CLEC4G
FOXP1,CLEC4G
PTGER4,CLEC4G
IFNK,CLEC4G
RC3H2,CLEC4G
IFNA14,CLEC4G
TSC1,CLEC4G
BATF,CLEC4G
EIF2AK4,CLEC4G
RORC,CLEC4G
ICAM1,CLEC4G
CD86,CLEC4G
STAT6,CLEC4G
IFNG,CLEC4G
F2RL1,CLEC4G
CD1C,CLEC4G
ZFPM1,CLEC4G
RELB,CLEC4G
IFNA1,CLEC4G
LEF1,CLEC4G
IFNA10,CLEC4G
IRF4,CLEC4G
FCER1G,CLEC4G
ITGAL,CLEC4G
BCL3,CLEC4G
RORA,CLEC4G
EOMES,CLEC4G
FADD,CLEC4G
IL12A,CLEC4G
P2RX7,CLEC4G
IL12RB1,CLEC4G
PVRL2,CLEC4G
IL23R,CLEC4G
PVR,CLEC4G
HLA-E,CLEC4G
HLA-B,CLEC4G
NCR3,CLEC4G
IL23A,CLEC4G
STX7,CLEC4G
TMIGD2,CLEC4G
EPO,CLEC4G
IL2,CLEC4G
GPAM,CLEC4G
PYCARD,CLEC4G
IGF1,CLEC4G
HHLA2,CLEC4G
TNFSF9,CLEC4G
IL2RA,CLEC4G
PYDC1,CLEC4G
IGF2,CLEC4G
IGFBP2,CLEC4G
AGER,CLEC4G
STAT5B,CLEC4G
HSPD1,CLEC4G
IL1B,CLEC4G
ZBTB1,CLEC4G
ZP3,CLEC4G
CCR2,CLEC4G
SYK,CLEC4G
RIPK2,CLEC4G
CD83,CLEC4G
CD244,CLEC4G
NKAP,CLEC4G
CD55,CLEC4G
AP3D1,CLEC4G
CCL19,CLEC4G
PRKCQ,CLEC4G
RASAL3,CLEC4G
NCKAP1L,CLEC4G
MYB,CLEC4G
PNP,CLEC4G
CD80,CLEC4G
HSPH1,CLEC4G
TGFBR2,CLEC4G
ZBTB16,CLEC4G
AP3B1,CLEC4G
RARA,CLEC4G
ITPKB,CLEC4G
ADA,CLEC4G
CD3E,SPN
IL7,SPN
IL18,SPN
CD276,SPN
IL21,SPN
SART1,SPN
CD47,SPN
NCK2,SPN
SIRPG,SPN
NCK1,SPN
LCK,SPN
ZAP70,SPN
IL12B,SPN
CD24,SPN
EBI3,SPN
ICOSLG,SPN
CD28,SPN
RAB27A,SPN
CLEC4E,SPN
IFNE,SPN
SLC11A1,SPN
IFNA8,SPN
LCP1,SPN
RPS6,SPN
CLEC4D,SPN
IFNA13,SPN
SLAMF6,SPN
IL6,SPN
IFNA6,SPN
IFNA17,SPN
IFNA21,SPN
IFNA4,SPN
IFNA5,SPN
ATP7A,SPN
IFNW1,SPN
SEMA4A,SPN
APBB1IP,SPN
LY9,SPN
IFNA16,SPN
PSEN1,SPN
IFNA7,SPN
IL18R1,SPN
FOXP1,SPN
PTGER4,SPN
IFNK,SPN
RC3H2,SPN
IFNA14,SPN
TSC1,SPN
BATF,SPN
EIF2AK4,SPN
RORC,SPN
ICAM1,SPN
CD86,SPN
STAT6,SPN
IFNG,SPN
F2RL1,SPN
CD1C,SPN
ZFPM1,SPN
RELB,SPN
IFNA1,SPN
LEF1,SPN
IFNA10,SPN
IRF4,SPN
FCER1G,SPN
ITGAL,SPN
BCL3,SPN
RORA,SPN
EOMES,SPN
FADD,SPN
IL12A,SPN
P2RX7,SPN
IL12RB1,SPN
PVRL2,SPN
IL23R,SPN
PVR,SPN
HLA-E,SPN
HLA-B,SPN
NCR3,SPN
IL23A,SPN
STX7,SPN
TMIGD2,SPN
EPO,SPN
IL2,SPN
GPAM,SPN
PYCARD,SPN
IGF1,SPN
HHLA2,SPN
TNFSF9,SPN
IL2RA,SPN
PYDC1,SPN
IGF2,SPN
IGFBP2,SPN
AGER,SPN
STAT5B,SPN
HSPD1,SPN
IL1B,SPN
ZBTB1,SPN
ZP3,SPN
CCR2,SPN
SYK,SPN
RIPK2,SPN
CD83,SPN
CD244,SPN
NKAP,SPN
CD55,SPN
AP3D1,SPN
CCL19,SPN
PRKCQ,SPN
RASAL3,SPN
NCKAP1L,SPN
MYB,SPN
PNP,SPN
CD80,SPN
HSPH1,SPN
TGFBR2,SPN
ZBTB16,SPN
AP3B1,SPN
RARA,SPN
ITPKB,SPN
ADA,SPN
CD3E,IL7R
IL7,IL7R
IL18,IL7R
CD276,IL7R
IL21,IL7R
SART1,IL7R
CD47,IL7R
NCK2,IL7R
SIRPG,IL7R
NCK1,IL7R
LCK,IL7R
ZAP70,IL7R
IL12B,IL7R
CD24,IL7R
EBI3,IL7R
ICOSLG,IL7R
CD28,IL7R
RAB27A,IL7R
CLEC4E,IL7R
IFNE,IL7R
SLC11A1,IL7R
IFNA8,IL7R
LCP1,IL7R
RPS6,IL7R
CLEC4D,IL7R
IFNA13,IL7R
SLAMF6,IL7R
IL6,IL7R
IFNA6,IL7R
IFNA17,IL7R
IFNA21,IL7R
IFNA4,IL7R
IFNA5,IL7R
ATP7A,IL7R
IFNW1,IL7R
SEMA4A,IL7R
APBB1IP,IL7R
LY9,IL7R
IFNA16,IL7R
PSEN1,IL7R
IFNA7,IL7R
IL18R1,IL7R
FOXP1,IL7R
PTGER4,IL7R
IFNK,IL7R
RC3H2,IL7R
IFNA14,IL7R
TSC1,IL7R
BATF,IL7R
EIF2AK4,IL7R
RORC,IL7R
ICAM1,IL7R
CD86,IL7R
STAT6,IL7R
IFNG,IL7R
F2RL1,IL7R
CD1C,IL7R
ZFPM1,IL7R
RELB,IL7R
IFNA1,IL7R
LEF1,IL7R
IFNA10,IL7R
IRF4,IL7R
FCER1G,IL7R
ITGAL,IL7R
BCL3,IL7R
RORA,IL7R
EOMES,IL7R
FADD,IL7R
IL12A,IL7R
P2RX7,IL7R
IL12RB1,IL7R
PVRL2,IL7R
IL23R,IL7R
PVR,IL7R
HLA-E,IL7R
HLA-B,IL7R
NCR3,IL7R
IL23A,IL7R
STX7,IL7R
TMIGD2,IL7R
EPO,IL7R
IL2,IL7R
GPAM,IL7R
PYCARD,IL7R
IGF1,IL7R
HHLA2,IL7R
TNFSF9,IL7R
IL2RA,IL7R
PYDC1,IL7R
IGF2,IL7R
IGFBP2,IL7R
AGER,IL7R
STAT5B,IL7R
HSPD1,IL7R
IL1B,IL7R
ZBTB1,IL7R
ZP3,IL7R
CCR2,IL7R
SYK,IL7R
RIPK2,IL7R
CD83,IL7R
CD244,IL7R
NKAP,IL7R
CD55,IL7R
AP3D1,IL7R
CCL19,IL7R
PRKCQ,IL7R
RASAL3,IL7R
NCKAP1L,IL7R
MYB,IL7R
PNP,IL7R
CD80,IL7R
HSPH1,IL7R
TGFBR2,IL7R
ZBTB16,IL7R
AP3B1,IL7R
RARA,IL7R
ITPKB,IL7R
ADA,IL7R
CD3E,PPP3CB
IL7,PPP3CB
IL18,PPP3CB
CD276,PPP3CB
IL21,PPP3CB
SART1,PPP3CB
CD47,PPP3CB
NCK2,PPP3CB
SIRPG,PPP3CB
NCK1,PPP3CB
LCK,PPP3CB
ZAP70,PPP3CB
IL12B,PPP3CB
CD24,PPP3CB
EBI3,PPP3CB
ICOSLG,PPP3CB
CD28,PPP3CB
RAB27A,PPP3CB
CLEC4E,PPP3CB
IFNE,PPP3CB
SLC11A1,PPP3CB
IFNA8,PPP3CB
LCP1,PPP3CB
RPS6,PPP3CB
CLEC4D,PPP3CB
IFNA13,PPP3CB
SLAMF6,PPP3CB
IL6,PPP3CB
IFNA6,PPP3CB
IFNA17,PPP3CB
IFNA21,PPP3CB
IFNA4,PPP3CB
IFNA5,PPP3CB
ATP7A,PPP3CB
IFNW1,PPP3CB
SEMA4A,PPP3CB
APBB1IP,PPP3CB
LY9,PPP3CB
IFNA16,PPP3CB
PSEN1,PPP3CB
IFNA7,PPP3CB
IL18R1,PPP3CB
FOXP1,PPP3CB
PTGER4,PPP3CB
IFNK,PPP3CB
RC3H2,PPP3CB
IFNA14,PPP3CB
TSC1,PPP3CB
BATF,PPP3CB
EIF2AK4,PPP3CB
RORC,PPP3CB
ICAM1,PPP3CB
CD86,PPP3CB
STAT6,PPP3CB
IFNG,PPP3CB
F2RL1,PPP3CB
CD1C,PPP3CB
ZFPM1,PPP3CB
RELB,PPP3CB
IFNA1,PPP3CB
LEF1,PPP3CB
IFNA10,PPP3CB
IRF4,PPP3CB
FCER1G,PPP3CB
ITGAL,PPP3CB
BCL3,PPP3CB
RORA,PPP3CB
EOMES,PPP3CB
FADD,PPP3CB
IL12A,PPP3CB
P2RX7,PPP3CB
IL12RB1,PPP3CB
PVRL2,PPP3CB
IL23R,PPP3CB
PVR,PPP3CB
HLA-E,PPP3CB
HLA-B,PPP3CB
NCR3,PPP3CB
IL23A,PPP3CB
STX7,PPP3CB
TMIGD2,PPP3CB
EPO,PPP3CB
IL2,PPP3CB
GPAM,PPP3CB
PYCARD,PPP3CB
IGF1,PPP3CB
HHLA2,PPP3CB
TNFSF9,PPP3CB
IL2RA,PPP3CB
PYDC1,PPP3CB
IGF2,PPP3CB
IGFBP2,PPP3CB
AGER,PPP3CB
STAT5B,PPP3CB
HSPD1,PPP3CB
IL1B,PPP3CB
ZBTB1,PPP3CB
ZP3,PPP3CB
CCR2,PPP3CB
SYK,PPP3CB
RIPK2,PPP3CB
CD83,PPP3CB
CD244,PPP3CB
NKAP,PPP3CB
CD55,PPP3CB
AP3D1,PPP3CB
CCL19,PPP3CB
PRKCQ,PPP3CB
RASAL3,PPP3CB
NCKAP1L,PPP3CB
MYB,PPP3CB
PNP,PPP3CB
CD80,PPP3CB
HSPH1,PPP3CB
TGFBR2,PPP3CB
ZBTB16,PPP3CB
AP3B1,PPP3CB
RARA,PPP3CB
ITPKB,PPP3CB
ADA,PPP3CB
CD3E,IL20RB
IL7,IL20RB
IL18,IL20RB
CD276,IL20RB
IL21,IL20RB
SART1,IL20RB
CD47,IL20RB
NCK2,IL20RB
SIRPG,IL20RB
NCK1,IL20RB
LCK,IL20RB
ZAP70,IL20RB
IL12B,IL20RB
CD24,IL20RB
EBI3,IL20RB
ICOSLG,IL20RB
CD28,IL20RB
RAB27A,IL20RB
CLEC4E,IL20RB
IFNE,IL20RB
SLC11A1,IL20RB
IFNA8,IL20RB
LCP1,IL20RB
RPS6,IL20RB
CLEC4D,IL20RB
IFNA13,IL20RB
SLAMF6,IL20RB
IL6,IL20RB
IFNA6,IL20RB
IFNA17,IL20RB
IFNA21,IL20RB
IFNA4,IL20RB
IFNA5,IL20RB
ATP7A,IL20RB
IFNW1,IL20RB
SEMA4A,IL20RB
APBB1IP,IL20RB
LY9,IL20RB
IFNA16,IL20RB
PSEN1,IL20RB
IFNA7,IL20RB
IL18R1,IL20RB
FOXP1,IL20RB
PTGER4,IL20RB
IFNK,IL20RB
RC3H2,IL20RB
IFNA14,IL20RB
TSC1,IL20RB
BATF,IL20RB
EIF2AK4,IL20RB
RORC,IL20RB
ICAM1,IL20RB
CD86,IL20RB
STAT6,IL20RB
IFNG,IL20RB
F2RL1,IL20RB
CD1C,IL20RB
ZFPM1,IL20RB
RELB,IL20RB
IFNA1,IL20RB
LEF1,IL20RB
IFNA10,IL20RB
IRF4,IL20RB
FCER1G,IL20RB
ITGAL,IL20RB
BCL3,IL20RB
RORA,IL20RB
EOMES,IL20RB
FADD,IL20RB
IL12A,IL20RB
P2RX7,IL20RB
IL12RB1,IL20RB
PVRL2,IL20RB
IL23R,IL20RB
PVR,IL20RB
HLA-E,IL20RB
HLA-B,IL20RB
NCR3,IL20RB
IL23A,IL20RB
STX7,IL20RB
TMIGD2,IL20RB
EPO,IL20RB
IL2,IL20RB
GPAM,IL20RB
PYCARD,IL20RB
IGF1,IL20RB
HHLA2,IL20RB
TNFSF9,IL20RB
IL2RA,IL20RB
PYDC1,IL20RB
IGF2,IL20RB
IGFBP2,IL20RB
AGER,IL20RB
STAT5B,IL20RB
HSPD1,IL20RB
IL1B,IL20RB
ZBTB1,IL20RB
ZP3,IL20RB
CCR2,IL20RB
SYK,IL20RB
RIPK2,IL20RB
CD83,IL20RB
CD244,IL20RB
NKAP,IL20RB
CD55,IL20RB
AP3D1,IL20RB
CCL19,IL20RB
PRKCQ,IL20RB
RASAL3,IL20RB
NCKAP1L,IL20RB
MYB,IL20RB
PNP,IL20RB
CD80,IL20RB
HSPH1,IL20RB
TGFBR2,IL20RB
ZBTB16,IL20RB
AP3B1,IL20RB
RARA,IL20RB
ITPKB,IL20RB
ADA,IL20RB
CD3E,TNFRSF14
IL7,TNFRSF14
IL18,TNFRSF14
CD276,TNFRSF14
IL21,TNFRSF14
SART1,TNFRSF14
CD47,TNFRSF14
NCK2,TNFRSF14
SIRPG,TNFRSF14
NCK1,TNFRSF14
LCK,TNFRSF14
ZAP70,TNFRSF14
IL12B,TNFRSF14
CD24,TNFRSF14
EBI3,TNFRSF14
ICOSLG,TNFRSF14
CD28,TNFRSF14
RAB27A,TNFRSF14
CLEC4E,TNFRSF14
IFNE,TNFRSF14
SLC11A1,TNFRSF14
IFNA8,TNFRSF14
LCP1,TNFRSF14
RPS6,TNFRSF14
CLEC4D,TNFRSF14
IFNA13,TNFRSF14
SLAMF6,TNFRSF14
IL6,TNFRSF14
IFNA6,TNFRSF14
IFNA17,TNFRSF14
IFNA21,TNFRSF14
IFNA4,TNFRSF14
IFNA5,TNFRSF14
ATP7A,TNFRSF14
IFNW1,TNFRSF14
SEMA4A,TNFRSF14
APBB1IP,TNFRSF14
LY9,TNFRSF14
IFNA16,TNFRSF14
PSEN1,TNFRSF14
IFNA7,TNFRSF14
IL18R1,TNFRSF14
FOXP1,TNFRSF14
PTGER4,TNFRSF14
IFNK,TNFRSF14
RC3H2,TNFRSF14
IFNA14,TNFRSF14
TSC1,TNFRSF14
BATF,TNFRSF14
EIF2AK4,TNFRSF14
RORC,TNFRSF14
ICAM1,TNFRSF14
CD86,TNFRSF14
STAT6,TNFRSF14
IFNG,TNFRSF14
F2RL1,TNFRSF14
CD1C,TNFRSF14
ZFPM1,TNFRSF14
RELB,TNFRSF14
IFNA1,TNFRSF14
LEF1,TNFRSF14
IFNA10,TNFRSF14
IRF4,TNFRSF14
FCER1G,TNFRSF14
ITGAL,TNFRSF14
BCL3,TNFRSF14
RORA,TNFRSF14
EOMES,TNFRSF14
FADD,TNFRSF14
IL12A,TNFRSF14
P2RX7,TNFRSF14
IL12RB1,TNFRSF14
PVRL2,TNFRSF14
IL23R,TNFRSF14
PVR,TNFRSF14
HLA-E,TNFRSF14
HLA-B,TNFRSF14
NCR3,TNFRSF14
IL23A,TNFRSF14
STX7,TNFRSF14
TMIGD2,TNFRSF14
EPO,TNFRSF14
IL2,TNFRSF14
GPAM,TNFRSF14
PYCARD,TNFRSF14
IGF1,TNFRSF14
HHLA2,TNFRSF14
TNFSF9,TNFRSF14
IL2RA,TNFRSF14
PYDC1,TNFRSF14
IGF2,TNFRSF14
IGFBP2,TNFRSF14
AGER,TNFRSF14
STAT5B,TNFRSF14
HSPD1,TNFRSF14
IL1B,TNFRSF14
ZBTB1,TNFRSF14
ZP3,TNFRSF14
CCR2,TNFRSF14
SYK,TNFRSF14
RIPK2,TNFRSF14
CD83,TNFRSF14
CD244,TNFRSF14
NKAP,TNFRSF14
CD55,TNFRSF14
AP3D1,TNFRSF14
CCL19,TNFRSF14
PRKCQ,TNFRSF14
RASAL3,TNFRSF14
NCKAP1L,TNFRSF14
MYB,TNFRSF14
PNP,TNFRSF14
CD80,TNFRSF14
HSPH1,TNFRSF14
TGFBR2,TNFRSF14
ZBTB16,TNFRSF14
AP3B1,TNFRSF14
RARA,TNFRSF14
ITPKB,TNFRSF14
ADA,TNFRSF14
CD3E,BCL6
IL7,BCL6
IL18,BCL6
CD276,BCL6
IL21,BCL6
SART1,BCL6
CD47,BCL6
NCK2,BCL6
SIRPG,BCL6
NCK1,BCL6
LCK,BCL6
ZAP70,BCL6
IL12B,BCL6
CD24,BCL6
EBI3,BCL6
ICOSLG,BCL6
CD28,BCL6
RAB27A,BCL6
CLEC4E,BCL6
IFNE,BCL6
SLC11A1,BCL6
IFNA8,BCL6
LCP1,BCL6
RPS6,BCL6
CLEC4D,BCL6
IFNA13,BCL6
SLAMF6,BCL6
IL6,BCL6
IFNA6,BCL6
IFNA17,BCL6
IFNA21,BCL6
IFNA4,BCL6
IFNA5,BCL6
ATP7A,BCL6
IFNW1,BCL6
SEMA4A,BCL6
APBB1IP,BCL6
LY9,BCL6
IFNA16,BCL6
PSEN1,BCL6
IFNA7,BCL6
IL18R1,BCL6
FOXP1,BCL6
PTGER4,BCL6
IFNK,BCL6
RC3H2,BCL6
IFNA14,BCL6
TSC1,BCL6
BATF,BCL6
EIF2AK4,BCL6
RORC,BCL6
ICAM1,BCL6
CD86,BCL6
STAT6,BCL6
IFNG,BCL6
F2RL1,BCL6
CD1C,BCL6
ZFPM1,BCL6
RELB,BCL6
IFNA1,BCL6
LEF1,BCL6
IFNA10,BCL6
IRF4,BCL6
FCER1G,BCL6
ITGAL,BCL6
BCL3,BCL6
RORA,BCL6
EOMES,BCL6
FADD,BCL6
IL12A,BCL6
P2RX7,BCL6
IL12RB1,BCL6
PVRL2,BCL6
IL23R,BCL6
PVR,BCL6
HLA-E,BCL6
HLA-B,BCL6
NCR3,BCL6
IL23A,BCL6
STX7,BCL6
TMIGD2,BCL6
EPO,BCL6
IL2,BCL6
GPAM,BCL6
PYCARD,BCL6
IGF1,BCL6
HHLA2,BCL6
TNFSF9,BCL6
IL2RA,BCL6
PYDC1,BCL6
IGF2,BCL6
IGFBP2,BCL6
AGER,BCL6
STAT5B,BCL6
HSPD1,BCL6
IL1B,BCL6
ZBTB1,BCL6
ZP3,BCL6
CCR2,BCL6
SYK,BCL6
RIPK2,BCL6
CD83,BCL6
CD244,BCL6
NKAP,BCL6
CD55,BCL6
AP3D1,BCL6
CCL19,BCL6
PRKCQ,BCL6
RASAL3,BCL6
NCKAP1L,BCL6
MYB,BCL6
PNP,BCL6
CD80,BCL6
HSPH1,BCL6
TGFBR2,BCL6
ZBTB16,BCL6
AP3B1,BCL6
RARA,BCL6
ITPKB,BCL6
ADA,BCL6
CD3E,CD300A
IL7,CD300A
IL18,CD300A
CD276,CD300A
IL21,CD300A
SART1,CD300A
CD47,CD300A
NCK2,CD300A
SIRPG,CD300A
NCK1,CD300A
LCK,CD300A
ZAP70,CD300A
IL12B,CD300A
CD24,CD300A
EBI3,CD300A
ICOSLG,CD300A
CD28,CD300A
RAB27A,CD300A
CLEC4E,CD300A
IFNE,CD300A
SLC11A1,CD300A
IFNA8,CD300A
LCP1,CD300A
RPS6,CD300A
CLEC4D,CD300A
IFNA13,CD300A
SLAMF6,CD300A
IL6,CD300A
IFNA6,CD300A
IFNA17,CD300A
IFNA21,CD300A
IFNA4,CD300A
IFNA5,CD300A
ATP7A,CD300A
IFNW1,CD300A
SEMA4A,CD300A
APBB1IP,CD300A
LY9,CD300A
IFNA16,CD300A
PSEN1,CD300A
IFNA7,CD300A
IL18R1,CD300A
FOXP1,CD300A
PTGER4,CD300A
IFNK,CD300A
RC3H2,CD300A
IFNA14,CD300A
TSC1,CD300A
BATF,CD300A
EIF2AK4,CD300A
RORC,CD300A
ICAM1,CD300A
CD86,CD300A
STAT6,CD300A
IFNG,CD300A
F2RL1,CD300A
CD1C,CD300A
ZFPM1,CD300A
RELB,CD300A
IFNA1,CD300A
LEF1,CD300A
IFNA10,CD300A
IRF4,CD300A
FCER1G,CD300A
ITGAL,CD300A
BCL3,CD300A
RORA,CD300A
EOMES,CD300A
FADD,CD300A
IL12A,CD300A
P2RX7,CD300A
IL12RB1,CD300A
PVRL2,CD300A
IL23R,CD300A
PVR,CD300A
HLA-E,CD300A
HLA-B,CD300A
NCR3,CD300A
IL23A,CD300A
STX7,CD300A
TMIGD2,CD300A
EPO,CD300A
IL2,CD300A
GPAM,CD300A
PYCARD,CD300A
IGF1,CD300A
HHLA2,CD300A
TNFSF9,CD300A
IL2RA,CD300A
PYDC1,CD300A
IGF2,CD300A
IGFBP2,CD300A
AGER,CD300A
STAT5B,CD300A
HSPD1,CD300A
IL1B,CD300A
ZBTB1,CD300A
ZP3,CD300A
CCR2,CD300A
SYK,CD300A
RIPK2,CD300A
CD83,CD300A
CD244,CD300A
NKAP,CD300A
CD55,CD300A
AP3D1,CD300A
CCL19,CD300A
PRKCQ,CD300A
RASAL3,CD300A
NCKAP1L,CD300A
MYB,CD300A
PNP,CD300A
CD80,CD300A
HSPH1,CD300A
TGFBR2,CD300A
ZBTB16,CD300A
AP3B1,CD300A
RARA,CD300A
ITPKB,CD300A
ADA,CD300A
CD3E,ITCH
IL7,ITCH
IL18,ITCH
CD276,ITCH
IL21,ITCH
SART1,ITCH
CD47,ITCH
NCK2,ITCH
SIRPG,ITCH
NCK1,ITCH
LCK,ITCH
ZAP70,ITCH
IL12B,ITCH
CD24,ITCH
EBI3,ITCH
ICOSLG,ITCH
CD28,ITCH
RAB27A,ITCH
CLEC4E,ITCH
IFNE,ITCH
SLC11A1,ITCH
IFNA8,ITCH
LCP1,ITCH
RPS6,ITCH
CLEC4D,ITCH
IFNA13,ITCH
SLAMF6,ITCH
IL6,ITCH
IFNA6,ITCH
IFNA17,ITCH
IFNA21,ITCH
IFNA4,ITCH
IFNA5,ITCH
ATP7A,ITCH
IFNW1,ITCH
SEMA4A,ITCH
APBB1IP,ITCH
LY9,ITCH
IFNA16,ITCH
PSEN1,ITCH
IFNA7,ITCH
IL18R1,ITCH
FOXP1,ITCH
PTGER4,ITCH
IFNK,ITCH
RC3H2,ITCH
IFNA14,ITCH
TSC1,ITCH
BATF,ITCH
EIF2AK4,ITCH
RORC,ITCH
ICAM1,ITCH
CD86,ITCH
STAT6,ITCH
IFNG,ITCH
F2RL1,ITCH
CD1C,ITCH
ZFPM1,ITCH
RELB,ITCH
IFNA1,ITCH
LEF1,ITCH
IFNA10,ITCH
IRF4,ITCH
FCER1G,ITCH
ITGAL,ITCH
BCL3,ITCH
RORA,ITCH
EOMES,ITCH
FADD,ITCH
IL12A,ITCH
P2RX7,ITCH
IL12RB1,ITCH
PVRL2,ITCH
IL23R,ITCH
PVR,ITCH
HLA-E,ITCH
HLA-B,ITCH
NCR3,ITCH
IL23A,ITCH
STX7,ITCH
TMIGD2,ITCH
EPO,ITCH
IL2,ITCH
GPAM,ITCH
PYCARD,ITCH
IGF1,ITCH
HHLA2,ITCH
TNFSF9,ITCH
IL2RA,ITCH
PYDC1,ITCH
IGF2,ITCH
IGFBP2,ITCH
AGER,ITCH
STAT5B,ITCH
HSPD1,ITCH
IL1B,ITCH
ZBTB1,ITCH
ZP3,ITCH
CCR2,ITCH
SYK,ITCH
RIPK2,ITCH
CD83,ITCH
CD244,ITCH
NKAP,ITCH
CD55,ITCH
AP3D1,ITCH
CCL19,ITCH
PRKCQ,ITCH
RASAL3,ITCH
NCKAP1L,ITCH
MYB,ITCH
PNP,ITCH
CD80,ITCH
HSPH1,ITCH
TGFBR2,ITCH
ZBTB16,ITCH
AP3B1,ITCH
RARA,ITCH
ITPKB,ITCH
ADA,ITCH
